Date,FG-Code,LST,Monat.Jahr,Fachrichtung,postal,online,Gesamt,Bundesland_pretty
2021-01,63.0,ÖGK,Jän.21,Physiotherapie,38168,14481,52649,Bundesweit
2021-01,66.0,ÖGK,Jän.21,Logopäde,1465,1216,2681,Bundesweit
2021-01,75.0,ÖGK,Jän.21,Ergotherapeut,1535,832,2367,Bundesweit
2021-01,,ÖGK,Jän.21,Gesamt,41168,16529,57697,Bundesweit
2021-02,63.0,ÖGK,Feb.21,Physiotherapie,49962,13870,63832,Bundesweit
2021-02,66.0,ÖGK,Feb.21,Logopäde,3693,1140,4833,Bundesweit
2021-02,75.0,ÖGK,Feb.21,Ergotherapeut,1959,757,2716,Bundesweit
2021-02,,ÖGK,Feb.21,Gesamt,55614,15767,71381,Bundesweit
2021-03,63.0,ÖGK,Mär.21,Physiotherapie,51021,14976,65997,Bundesweit
2021-03,66.0,ÖGK,Mär.21,Logopäde,2535,1276,3811,Bundesweit
2021-03,75.0,ÖGK,Mär.21,Ergotherapeut,2187,930,3117,Bundesweit
2021-03,,ÖGK,Mär.21,Gesamt,55743,17182,72925,Bundesweit
2021-04,63.0,ÖGK,Apr.21,Physiotherapie,50037,12635,62672,Bundesweit
2021-04,66.0,ÖGK,Apr.21,Logopäde,2392,1065,3457,Bundesweit
2021-04,75.0,ÖGK,Apr.21,Ergotherapeut,2199,761,2960,Bundesweit
2021-04,,ÖGK,Apr.21,Gesamt,54628,14461,69089,Bundesweit
2021-05,63.0,ÖGK,Mai.21,Physiotherapie,38537,12639,51176,Bundesweit
2021-05,66.0,ÖGK,Mai.21,Logopäde,1775,1056,2831,Bundesweit
2021-05,75.0,ÖGK,Mai.21,Ergotherapeut,1789,716,2505,Bundesweit
2021-05,,ÖGK,Mai.21,Gesamt,42101,14411,56512,Bundesweit
2021-06,63.0,ÖGK,Jun.21,Physiotherapie,40452,13591,54043,Bundesweit
2021-06,66.0,ÖGK,Jun.21,Logopäde,2178,1294,3472,Bundesweit
2021-06,75.0,ÖGK,Jun.21,Ergotherapeut,3425,957,4382,Bundesweit
2021-06,,ÖGK,Jun.21,Gesamt,46055,15842,61897,Bundesweit
2021-07,63.0,ÖGK,Jul.21,Physiotherapie,37578,15763,53341,Bundesweit
2021-07,66.0,ÖGK,Jul.21,Logopäde,1909,1439,3348,Bundesweit
2021-07,75.0,ÖGK,Jul.21,Ergotherapeut,1999,1146,3145,Bundesweit
2021-07,,ÖGK,Jul.21,Gesamt,41486,18348,59834,Bundesweit
2021-08,63.0,ÖGK,Aug.21,Physiotherapie,35744,15863,51607,Bundesweit
2021-08,66.0,ÖGK,Aug.21,Logopäde,1873,1646,3519,Bundesweit
2021-08,75.0,ÖGK,Aug.21,Ergotherapeut,2087,1002,3089,Bundesweit
2021-08,,ÖGK,Aug.21,Gesamt,39704,18511,58215,Bundesweit
2021-09,63.0,ÖGK,Sep.21,Physiotherapie,43397,16131,59528,Bundesweit
2021-09,66.0,ÖGK,Sep.21,Logopäde,3350,1505,4855,Bundesweit
2021-09,75.0,ÖGK,Sep.21,Ergotherapeut,2247,1031,3278,Bundesweit
2021-09,,ÖGK,Sep.21,Gesamt,48994,18667,67661,Bundesweit
2021-10,63.0,ÖGK,Okt.21,Physiotherapie,43431,18093,61524,Bundesweit
2021-10,66.0,ÖGK,Okt.21,Logopäde,2314,1755,4069,Bundesweit
2021-10,75.0,ÖGK,Okt.21,Ergotherapeut,2230,1111,3341,Bundesweit
2021-10,,ÖGK,Okt.21,Gesamt,47975,20959,68934,Bundesweit
2021-11,63.0,ÖGK,Nov.21,Physiotherapie,39553,20979,60532,Bundesweit
2021-11,66.0,ÖGK,Nov.21,Logopäde,2066,1701,3767,Bundesweit
2021-11,75.0,ÖGK,Nov.21,Ergotherapeut,1974,1111,3085,Bundesweit
2021-11,,ÖGK,Nov.21,Gesamt,43593,23791,67384,Bundesweit
2021-12,63.0,ÖGK,Dez.21,Physiotherapie,37427,19053,56480,Bundesweit
2021-12,66.0,ÖGK,Dez.21,Logopäde,1616,1776,3392,Bundesweit
2021-12,75.0,ÖGK,Dez.21,Ergotherapeut,1723,1201,2924,Bundesweit
2021-12,,ÖGK,Dez.21,Gesamt,40766,22030,62796,Bundesweit
2022-01,63.0,ÖGK,Jän.22,Physiotherapie,34865,16637,51502,Bundesweit
2022-01,66.0,ÖGK,Jän.22,Logopäde,1670,1363,3033,Bundesweit
2022-01,75.0,ÖGK,Jän.22,Ergotherapeut,1522,974,2496,Bundesweit
2022-01,,ÖGK,Jän.22,Gesamt,38057,18974,57031,Bundesweit
2022-02,63.0,ÖGK,Feb.22,Physiotherapie,34330,20187,54517,Bundesweit
2022-02,66.0,ÖGK,Feb.22,Logopäde,1755,1876,3631,Bundesweit
2022-02,75.0,ÖGK,Feb.22,Ergotherapeut,2128,1506,3634,Bundesweit
2022-02,,ÖGK,Feb.22,Gesamt,38213,23569,61782,Bundesweit
2022-03,63.0,ÖGK,Mär.22,Physiotherapie,45279,20556,65835,Bundesweit
2022-03,66.0,ÖGK,Mär.22,Logopäde,2508,1923,4431,Bundesweit
2022-03,75.0,ÖGK,Mär.22,Ergotherapeut,2446,1382,3828,Bundesweit
2022-03,,ÖGK,Mär.22,Gesamt,50233,23861,74094,Bundesweit
2022-04,63.0,ÖGK,Apr.22,Physiotherapie,39670,18472,58142,Bundesweit
2022-04,66.0,ÖGK,Apr.22,Logopäde,1671,1926,3597,Bundesweit
2022-04,75.0,ÖGK,Apr.22,Ergotherapeut,2016,1279,3295,Bundesweit
2022-04,,ÖGK,Apr.22,Gesamt,43357,21677,65034,Bundesweit
2022-05,63.0,ÖGK,Mai.22,Physiotherapie,40406,27254,67660,Bundesweit
2022-05,66.0,ÖGK,Mai.22,Logopäde,2064,2147,4211,Bundesweit
2022-05,75.0,ÖGK,Mai.22,Ergotherapeut,2258,1458,3716,Bundesweit
2022-05,,ÖGK,Mai.22,Gesamt,44728,30859,75587,Bundesweit
2022-06,63.0,ÖGK,Jun.22,Physiotherapie,35048,17000,52048,Bundesweit
2022-06,66.0,ÖGK,Jun.22,Logopäde,2233,1732,3965,Bundesweit
2022-06,75.0,ÖGK,Jun.22,Ergotherapeut,1974,1181,3155,Bundesweit
2022-06,,ÖGK,Jun.22,Gesamt,39255,19913,59168,Bundesweit
2022-07,63.0,ÖGK,Jul.22,Physiotherapie,40991,19159,60150,Bundesweit
2022-07,66.0,ÖGK,Jul.22,Logopäde,2367,1646,4013,Bundesweit
2022-07,75.0,ÖGK,Jul.22,Ergotherapeut,1949,1436,3385,Bundesweit
2022-07,,ÖGK,Jul.22,Gesamt,45307,22241,67548,Bundesweit
2022-08,63.0,ÖGK,Aug.22,Physiotherapie,36325,18602,54927,Bundesweit
2022-08,66.0,ÖGK,Aug.22,Logopäde,2028,1722,3750,Bundesweit
2022-08,75.0,ÖGK,Aug.22,Ergotherapeut,1962,1316,3278,Bundesweit
2022-08,,ÖGK,Aug.22,Gesamt,40315,21640,61955,Bundesweit
2022-09,63.0,ÖGK,Sep.22,Physiotherapie,41649,20462,62111,Bundesweit
2022-09,66.0,ÖGK,Sep.22,Logopäde,2137,2029,4166,Bundesweit
2022-09,75.0,ÖGK,Sep.22,Ergotherapeut,2216,1391,3607,Bundesweit
2022-09,,ÖGK,Sep.22,Gesamt,46002,23882,69884,Bundesweit
2022-10,63.0,ÖGK,Okt.22,Physiotherapie,38302,19844,58146,Bundesweit
2022-10,66.0,ÖGK,Okt.22,Logopäde,1856,1978,3834,Bundesweit
2022-10,75.0,ÖGK,Okt.22,Ergotherapeut,1945,1345,3290,Bundesweit
2022-10,,ÖGK,Okt.22,Gesamt,42103,23167,65270,Bundesweit
2022-11,63.0,ÖGK,Nov.22,Physiotherapie,39308,21452,60760,Bundesweit
2022-11,66.0,ÖGK,Nov.22,Logopäde,2164,2129,4293,Bundesweit
2022-11,75.0,ÖGK,Nov.22,Ergotherapeut,2207,1463,3670,Bundesweit
2022-11,,ÖGK,Nov.22,Gesamt,43679,25044,68723,Bundesweit
2022-12,63.0,ÖGK,Dez.22,Physiotherapie,34702,18955,53657,Bundesweit
2022-12,66.0,ÖGK,Dez.22,Logopäde,1826,1714,3540,Bundesweit
2022-12,75.0,ÖGK,Dez.22,Ergotherapeut,3872,1237,5109,Bundesweit
2022-12,,ÖGK,Dez.22,Gesamt,40400,21906,62306,Bundesweit
2023-01,63.0,ÖGK,Jän.23,Physiotherapie,36146,23245,59391,Bundesweit
2023-01,66.0,ÖGK,Jän.23,Logopäde,2091,2121,4212,Bundesweit
2023-01,75.0,ÖGK,Jän.23,Ergotherapeut,2238,1696,3934,Bundesweit
2023-01,,ÖGK,Jän.23,Gesamt,40475,27062,67537,Bundesweit
2023-02,63.0,ÖGK,Feb.23,Physiotherapie,36763,21907,58670,Bundesweit
2023-02,66.0,ÖGK,Feb.23,Logopäde,2248,1932,4180,Bundesweit
2023-02,75.0,ÖGK,Feb.23,Ergotherapeut,2167,1527,3694,Bundesweit
2023-02,,ÖGK,Feb.23,Gesamt,41178,25366,66544,Bundesweit
2023-03,63.0,ÖGK,Mär.23,Physiotherapie,58350,27308,85658,Bundesweit
2023-03,66.0,ÖGK,Mär.23,Logopäde,3164,2758,5922,Bundesweit
2023-03,75.0,ÖGK,Mär.23,Ergotherapeut,2927,2023,4950,Bundesweit
2023-03,,ÖGK,Mär.23,Gesamt,64441,32089,96530,Bundesweit
2023-04,63.0,ÖGK,Apr.23,Physiotherapie,35901,21770,57671,Bundesweit
2023-04,66.0,ÖGK,Apr.23,Logopäde,2111,2164,4275,Bundesweit
2023-04,75.0,ÖGK,Apr.23,Ergotherapeut,1958,1533,3491,Bundesweit
2023-04,,ÖGK,Apr.23,Gesamt,39970,25467,65437,Bundesweit
2023-05,63.0,ÖGK,Mai.23,Physiotherapie,36078,22304,58382,Bundesweit
2023-05,66.0,ÖGK,Mai.23,Logopäde,2192,2012,4204,Bundesweit
2023-05,75.0,ÖGK,Mai.23,Ergotherapeut,2164,1623,3787,Bundesweit
2023-05,,ÖGK,Mai.23,Gesamt,40434,25939,66373,Bundesweit
2023-06,63.0,ÖGK,Jun.23,Physiotherapie,64250,21955,86205,Bundesweit
2023-06,66.0,ÖGK,Jun.23,Logopäde,4087,2172,6259,Bundesweit
2023-06,75.0,ÖGK,Jun.23,Ergotherapeut,2444,1749,4193,Bundesweit
2023-06,,ÖGK,Jun.23,Gesamt,70781,25876,96657,Bundesweit
2023-07,63.0,ÖGK,Jul.23,Physiotherapie,37192,21008,58200,Bundesweit
2023-07,66.0,ÖGK,Jul.23,Logopäde,2062,1986,4048,Bundesweit
2023-07,75.0,ÖGK,Jul.23,Ergotherapeut,1873,1795,3668,Bundesweit
2023-07,,ÖGK,Jul.23,Gesamt,41127,24789,65916,Bundesweit
2023-08,63.0,ÖGK,Aug.23,Physiotherapie,39846,21646,61492,Bundesweit
2023-08,66.0,ÖGK,Aug.23,Logopäde,2388,2256,4644,Bundesweit
2023-08,75.0,ÖGK,Aug.23,Ergotherapeut,2045,1843,3888,Bundesweit
2023-08,,ÖGK,Aug.23,Gesamt,44279,25745,70024,Bundesweit
2023-09,63.0,ÖGK,Sep.23,Physiotherapie,35547,29710,65257,Bundesweit
2023-09,66.0,ÖGK,Sep.23,Logopäde,2332,2182,4514,Bundesweit
2023-09,75.0,ÖGK,Sep.23,Ergotherapeut,2289,1984,4273,Bundesweit
2023-09,,ÖGK,Sep.23,Gesamt,40168,33876,74044,Bundesweit
2023-10,63.0,ÖGK,Okt.23,Physiotherapie,37255,22714,59969,Bundesweit
2023-10,66.0,ÖGK,Okt.23,Logopäde,2079,2070,4149,Bundesweit
2023-10,75.0,ÖGK,Okt.23,Ergotherapeut,2563,1689,4252,Bundesweit
2023-10,,ÖGK,Okt.23,Gesamt,41897,26473,68370,Bundesweit
2023-11,63.0,ÖGK,Nov.23,Physiotherapie,40227,23016,63243,Bundesweit
2023-11,66.0,ÖGK,Nov.23,Logopäde,2197,4380,6577,Bundesweit
2023-11,75.0,ÖGK,Nov.23,Ergotherapeut,2330,1662,3992,Bundesweit
2023-11,,ÖGK,Nov.23,Gesamt,44754,29058,73812,Bundesweit
2023-12,63.0,ÖGK,Dez.23,Physiotherapie,33930,18270,52200,Bundesweit
2023-12,66.0,ÖGK,Dez.23,Logopäde,1786,1539,3325,Bundesweit
2023-12,75.0,ÖGK,Dez.23,Ergotherapeut,1758,1231,2989,Bundesweit
2023-12,,ÖGK,Dez.23,Gesamt,37474,21040,58514,Bundesweit
2021-01,63.0,ÖGK-B,Jän.21,Physiotherapie,936,230,1166,Burgenland
2021-01,66.0,ÖGK-B,Jän.21,Logopäde,41,7,48,Burgenland
2021-01,75.0,ÖGK-B,Jän.21,Ergotherapeut,30,9,39,Burgenland
2021-01,,ÖGK-B,Jän.21,Gesamt,1007,246,1253,Burgenland
2021-02,63.0,ÖGK-B,Feb.21,Physiotherapie,1381,109,1490,Burgenland
2021-02,66.0,ÖGK-B,Feb.21,Logopäde,66,11,77,Burgenland
2021-02,75.0,ÖGK-B,Feb.21,Ergotherapeut,51,8,59,Burgenland
2021-02,,ÖGK-B,Feb.21,Gesamt,1498,128,1626,Burgenland
2021-03,63.0,ÖGK-B,Mär.21,Physiotherapie,1661,194,1855,Burgenland
2021-03,66.0,ÖGK-B,Mär.21,Logopäde,86,10,96,Burgenland
2021-03,75.0,ÖGK-B,Mär.21,Ergotherapeut,75,14,89,Burgenland
2021-03,,ÖGK-B,Mär.21,Gesamt,1822,218,2040,Burgenland
2021-04,63.0,ÖGK-B,Apr.21,Physiotherapie,1238,209,1447,Burgenland
2021-04,66.0,ÖGK-B,Apr.21,Logopäde,62,12,74,Burgenland
2021-04,75.0,ÖGK-B,Apr.21,Ergotherapeut,39,11,50,Burgenland
2021-04,,ÖGK-B,Apr.21,Gesamt,1339,232,1571,Burgenland
2021-05,63.0,ÖGK-B,Mai.21,Physiotherapie,1087,138,1225,Burgenland
2021-05,66.0,ÖGK-B,Mai.21,Logopäde,49,11,60,Burgenland
2021-05,75.0,ÖGK-B,Mai.21,Ergotherapeut,58,5,63,Burgenland
2021-05,,ÖGK-B,Mai.21,Gesamt,1194,154,1348,Burgenland
2021-06,63.0,ÖGK-B,Jun.21,Physiotherapie,942,132,1074,Burgenland
2021-06,66.0,ÖGK-B,Jun.21,Logopäde,41,9,50,Burgenland
2021-06,75.0,ÖGK-B,Jun.21,Ergotherapeut,33,14,47,Burgenland
2021-06,,ÖGK-B,Jun.21,Gesamt,1016,155,1171,Burgenland
2021-07,63.0,ÖGK-B,Jul.21,Physiotherapie,877,196,1073,Burgenland
2021-07,66.0,ÖGK-B,Jul.21,Logopäde,38,11,49,Burgenland
2021-07,75.0,ÖGK-B,Jul.21,Ergotherapeut,38,14,52,Burgenland
2021-07,,ÖGK-B,Jul.21,Gesamt,953,221,1174,Burgenland
2021-08,63.0,ÖGK-B,Aug.21,Physiotherapie,541,51,592,Burgenland
2021-08,66.0,ÖGK-B,Aug.21,Logopäde,31,1,32,Burgenland
2021-08,75.0,ÖGK-B,Aug.21,Ergotherapeut,15,1,16,Burgenland
2021-08,,ÖGK-B,Aug.21,Gesamt,587,53,640,Burgenland
2021-09,63.0,ÖGK-B,Sep.21,Physiotherapie,1009,252,1261,Burgenland
2021-09,66.0,ÖGK-B,Sep.21,Logopäde,66,15,81,Burgenland
2021-09,75.0,ÖGK-B,Sep.21,Ergotherapeut,54,11,65,Burgenland
2021-09,,ÖGK-B,Sep.21,Gesamt,1129,278,1407,Burgenland
2021-10,63.0,ÖGK-B,Okt.21,Physiotherapie,1159,270,1429,Burgenland
2021-10,66.0,ÖGK-B,Okt.21,Logopäde,57,18,75,Burgenland
2021-10,75.0,ÖGK-B,Okt.21,Ergotherapeut,52,12,64,Burgenland
2021-10,,ÖGK-B,Okt.21,Gesamt,1268,300,1568,Burgenland
2021-11,63.0,ÖGK-B,Nov.21,Physiotherapie,448,145,593,Burgenland
2021-11,66.0,ÖGK-B,Nov.21,Logopäde,21,10,31,Burgenland
2021-11,75.0,ÖGK-B,Nov.21,Ergotherapeut,6,5,11,Burgenland
2021-11,,ÖGK-B,Nov.21,Gesamt,475,160,635,Burgenland
2021-12,63.0,ÖGK-B,Dez.21,Physiotherapie,1285,234,1519,Burgenland
2021-12,66.0,ÖGK-B,Dez.21,Logopäde,69,17,86,Burgenland
2021-12,75.0,ÖGK-B,Dez.21,Ergotherapeut,47,9,56,Burgenland
2021-12,,ÖGK-B,Dez.21,Gesamt,1401,260,1661,Burgenland
2022-01,63.0,ÖGK-B,Jän.22,Physiotherapie,835,169,1004,Burgenland
2022-01,66.0,ÖGK-B,Jän.22,Logopäde,37,8,45,Burgenland
2022-01,75.0,ÖGK-B,Jän.22,Ergotherapeut,32,6,38,Burgenland
2022-01,,ÖGK-B,Jän.22,Gesamt,904,183,1087,Burgenland
2022-02,63.0,ÖGK-B,Feb.22,Physiotherapie,572,175,747,Burgenland
2022-02,66.0,ÖGK-B,Feb.22,Logopäde,29,13,42,Burgenland
2022-02,75.0,ÖGK-B,Feb.22,Ergotherapeut,27,14,41,Burgenland
2022-02,,ÖGK-B,Feb.22,Gesamt,628,202,830,Burgenland
2022-03,63.0,ÖGK-B,Mär.22,Physiotherapie,1452,204,1656,Burgenland
2022-03,66.0,ÖGK-B,Mär.22,Logopäde,54,5,59,Burgenland
2022-03,75.0,ÖGK-B,Mär.22,Ergotherapeut,51,6,57,Burgenland
2022-03,,ÖGK-B,Mär.22,Gesamt,1557,215,1772,Burgenland
2022-04,63.0,ÖGK-B,Apr.22,Physiotherapie,704,131,835,Burgenland
2022-04,66.0,ÖGK-B,Apr.22,Logopäde,31,8,39,Burgenland
2022-04,75.0,ÖGK-B,Apr.22,Ergotherapeut,12,6,18,Burgenland
2022-04,,ÖGK-B,Apr.22,Gesamt,747,145,892,Burgenland
2022-05,63.0,ÖGK-B,Mai.22,Physiotherapie,551,206,757,Burgenland
2022-05,66.0,ÖGK-B,Mai.22,Logopäde,27,8,35,Burgenland
2022-05,75.0,ÖGK-B,Mai.22,Ergotherapeut,43,3,46,Burgenland
2022-05,,ÖGK-B,Mai.22,Gesamt,621,217,838,Burgenland
2022-06,63.0,ÖGK-B,Jun.22,Physiotherapie,1018,367,1385,Burgenland
2022-06,66.0,ÖGK-B,Jun.22,Logopäde,64,54,118,Burgenland
2022-06,75.0,ÖGK-B,Jun.22,Ergotherapeut,61,38,99,Burgenland
2022-06,,ÖGK-B,Jun.22,Gesamt,1143,459,1602,Burgenland
2022-07,63.0,ÖGK-B,Jul.22,Physiotherapie,2082,259,2341,Burgenland
2022-07,66.0,ÖGK-B,Jul.22,Logopäde,154,23,177,Burgenland
2022-07,75.0,ÖGK-B,Jul.22,Ergotherapeut,82,17,99,Burgenland
2022-07,,ÖGK-B,Jul.22,Gesamt,2318,299,2617,Burgenland
2022-08,63.0,ÖGK-B,Aug.22,Physiotherapie,1197,365,1562,Burgenland
2022-08,66.0,ÖGK-B,Aug.22,Logopäde,84,14,98,Burgenland
2022-08,75.0,ÖGK-B,Aug.22,Ergotherapeut,60,9,69,Burgenland
2022-08,,ÖGK-B,Aug.22,Gesamt,1341,388,1729,Burgenland
2022-09,63.0,ÖGK-B,Sep.22,Physiotherapie,1458,331,1789,Burgenland
2022-09,66.0,ÖGK-B,Sep.22,Logopäde,93,51,144,Burgenland
2022-09,75.0,ÖGK-B,Sep.22,Ergotherapeut,54,12,66,Burgenland
2022-09,,ÖGK-B,Sep.22,Gesamt,1605,394,1999,Burgenland
2022-10,63.0,ÖGK-B,Okt.22,Physiotherapie,921,260,1181,Burgenland
2022-10,66.0,ÖGK-B,Okt.22,Logopäde,100,31,131,Burgenland
2022-10,75.0,ÖGK-B,Okt.22,Ergotherapeut,36,9,45,Burgenland
2022-10,,ÖGK-B,Okt.22,Gesamt,1057,300,1357,Burgenland
2022-11,63.0,ÖGK-B,Nov.22,Physiotherapie,1499,295,1794,Burgenland
2022-11,66.0,ÖGK-B,Nov.22,Logopäde,107,41,148,Burgenland
2022-11,75.0,ÖGK-B,Nov.22,Ergotherapeut,43,29,72,Burgenland
2022-11,,ÖGK-B,Nov.22,Gesamt,1649,365,2014,Burgenland
2022-12,63.0,ÖGK-B,Dez.22,Physiotherapie,824,215,1039,Burgenland
2022-12,66.0,ÖGK-B,Dez.22,Logopäde,69,23,92,Burgenland
2022-12,75.0,ÖGK-B,Dez.22,Ergotherapeut,45,6,51,Burgenland
2022-12,,ÖGK-B,Dez.22,Gesamt,938,244,1182,Burgenland
2023-01,63.0,ÖGK-B,Jän.23,Physiotherapie,1081,321,1402,Burgenland
2023-01,66.0,ÖGK-B,Jän.23,Logopäde,49,21,70,Burgenland
2023-01,75.0,ÖGK-B,Jän.23,Ergotherapeut,38,25,63,Burgenland
2023-01,,ÖGK-B,Jän.23,Gesamt,1168,367,1535,Burgenland
2023-02,63.0,ÖGK-B,Feb.23,Physiotherapie,522,200,722,Burgenland
2023-02,66.0,ÖGK-B,Feb.23,Logopäde,63,13,76,Burgenland
2023-02,75.0,ÖGK-B,Feb.23,Ergotherapeut,22,5,27,Burgenland
2023-02,,ÖGK-B,Feb.23,Gesamt,607,218,825,Burgenland
2023-03,63.0,ÖGK-B,Mär.23,Physiotherapie,1228,366,1594,Burgenland
2023-03,66.0,ÖGK-B,Mär.23,Logopäde,79,23,102,Burgenland
2023-03,75.0,ÖGK-B,Mär.23,Ergotherapeut,45,19,64,Burgenland
2023-03,,ÖGK-B,Mär.23,Gesamt,1352,408,1760,Burgenland
2023-04,63.0,ÖGK-B,Apr.23,Physiotherapie,608,198,806,Burgenland
2023-04,66.0,ÖGK-B,Apr.23,Logopäde,43,18,61,Burgenland
2023-04,75.0,ÖGK-B,Apr.23,Ergotherapeut,32,11,43,Burgenland
2023-04,,ÖGK-B,Apr.23,Gesamt,683,227,910,Burgenland
2023-05,63.0,ÖGK-B,Mai.23,Physiotherapie,967,320,1287,Burgenland
2023-05,66.0,ÖGK-B,Mai.23,Logopäde,46,23,69,Burgenland
2023-05,75.0,ÖGK-B,Mai.23,Ergotherapeut,41,13,54,Burgenland
2023-05,,ÖGK-B,Mai.23,Gesamt,1054,356,1410,Burgenland
2023-06,63.0,ÖGK-B,Jun.23,Physiotherapie,1723,698,2421,Burgenland
2023-06,66.0,ÖGK-B,Jun.23,Logopäde,110,79,189,Burgenland
2023-06,75.0,ÖGK-B,Jun.23,Ergotherapeut,90,43,133,Burgenland
2023-06,,ÖGK-B,Jun.23,Gesamt,1923,820,2743,Burgenland
2023-07,63.0,ÖGK-B,Jul.23,Physiotherapie,588,222,810,Burgenland
2023-07,66.0,ÖGK-B,Jul.23,Logopäde,61,18,79,Burgenland
2023-07,75.0,ÖGK-B,Jul.23,Ergotherapeut,28,21,49,Burgenland
2023-07,,ÖGK-B,Jul.23,Gesamt,677,261,938,Burgenland
2023-08,63.0,ÖGK-B,Aug.23,Physiotherapie,1474,355,1829,Burgenland
2023-08,66.0,ÖGK-B,Aug.23,Logopäde,75,39,114,Burgenland
2023-08,75.0,ÖGK-B,Aug.23,Ergotherapeut,77,24,101,Burgenland
2023-08,,ÖGK-B,Aug.23,Gesamt,1626,418,2044,Burgenland
2023-09,63.0,ÖGK-B,Sep.23,Physiotherapie,1394,306,1700,Burgenland
2023-09,66.0,ÖGK-B,Sep.23,Logopäde,97,16,113,Burgenland
2023-09,75.0,ÖGK-B,Sep.23,Ergotherapeut,72,14,86,Burgenland
2023-09,,ÖGK-B,Sep.23,Gesamt,1563,336,1899,Burgenland
2023-10,63.0,ÖGK-B,Okt.23,Physiotherapie,1888,463,2351,Burgenland
2023-10,66.0,ÖGK-B,Okt.23,Logopäde,103,69,172,Burgenland
2023-10,75.0,ÖGK-B,Okt.23,Ergotherapeut,84,40,124,Burgenland
2023-10,,ÖGK-B,Okt.23,Gesamt,2075,572,2647,Burgenland
2023-11,63.0,ÖGK-B,Nov.23,Physiotherapie,1264,272,1536,Burgenland
2023-11,66.0,ÖGK-B,Nov.23,Logopäde,60,51,111,Burgenland
2023-11,75.0,ÖGK-B,Nov.23,Ergotherapeut,51,31,82,Burgenland
2023-11,,ÖGK-B,Nov.23,Gesamt,1375,354,1729,Burgenland
2023-12,63.0,ÖGK-B,Dez.23,Physiotherapie,922,294,1216,Burgenland
2023-12,66.0,ÖGK-B,Dez.23,Logopäde,45,27,72,Burgenland
2023-12,75.0,ÖGK-B,Dez.23,Ergotherapeut,52,5,57,Burgenland
2023-12,,ÖGK-B,Dez.23,Gesamt,1019,326,1345,Burgenland
2021-01,63.0,ÖGK-K,Jän.21,Physiotherapie,1879,629,2508,Kärnten
2021-01,66.0,ÖGK-K,Jän.21,Logopäde,48,39,87,Kärnten
2021-01,75.0,ÖGK-K,Jän.21,Ergotherapeut,124,60,184,Kärnten
2021-01,,ÖGK-K,Jän.21,Gesamt,2051,728,2779,Kärnten
2021-02,63.0,ÖGK-K,Feb.21,Physiotherapie,1981,606,2587,Kärnten
2021-02,66.0,ÖGK-K,Feb.21,Logopäde,98,44,142,Kärnten
2021-02,75.0,ÖGK-K,Feb.21,Ergotherapeut,163,54,217,Kärnten
2021-02,,ÖGK-K,Feb.21,Gesamt,2242,704,2946,Kärnten
2021-03,63.0,ÖGK-K,Mär.21,Physiotherapie,2342,816,3158,Kärnten
2021-03,66.0,ÖGK-K,Mär.21,Logopäde,93,53,146,Kärnten
2021-03,75.0,ÖGK-K,Mär.21,Ergotherapeut,148,76,224,Kärnten
2021-03,,ÖGK-K,Mär.21,Gesamt,2583,945,3528,Kärnten
2021-04,63.0,ÖGK-K,Apr.21,Physiotherapie,2356,734,3090,Kärnten
2021-04,66.0,ÖGK-K,Apr.21,Logopäde,90,37,127,Kärnten
2021-04,75.0,ÖGK-K,Apr.21,Ergotherapeut,201,61,262,Kärnten
2021-04,,ÖGK-K,Apr.21,Gesamt,2647,832,3479,Kärnten
2021-05,63.0,ÖGK-K,Mai.21,Physiotherapie,1748,827,2575,Kärnten
2021-05,66.0,ÖGK-K,Mai.21,Logopäde,71,32,103,Kärnten
2021-05,75.0,ÖGK-K,Mai.21,Ergotherapeut,110,52,162,Kärnten
2021-05,,ÖGK-K,Mai.21,Gesamt,1929,911,2840,Kärnten
2021-06,63.0,ÖGK-K,Jun.21,Physiotherapie,2315,782,3097,Kärnten
2021-06,66.0,ÖGK-K,Jun.21,Logopäde,90,37,127,Kärnten
2021-06,75.0,ÖGK-K,Jun.21,Ergotherapeut,144,41,185,Kärnten
2021-06,,ÖGK-K,Jun.21,Gesamt,2549,860,3409,Kärnten
2021-07,63.0,ÖGK-K,Jul.21,Physiotherapie,2187,814,3001,Kärnten
2021-07,66.0,ÖGK-K,Jul.21,Logopäde,89,48,137,Kärnten
2021-07,75.0,ÖGK-K,Jul.21,Ergotherapeut,144,62,206,Kärnten
2021-07,,ÖGK-K,Jul.21,Gesamt,2420,924,3344,Kärnten
2021-08,63.0,ÖGK-K,Aug.21,Physiotherapie,1842,758,2600,Kärnten
2021-08,66.0,ÖGK-K,Aug.21,Logopäde,68,44,112,Kärnten
2021-08,75.0,ÖGK-K,Aug.21,Ergotherapeut,149,41,190,Kärnten
2021-08,,ÖGK-K,Aug.21,Gesamt,2059,843,2902,Kärnten
2021-09,63.0,ÖGK-K,Sep.21,Physiotherapie,1859,766,2625,Kärnten
2021-09,66.0,ÖGK-K,Sep.21,Logopäde,65,44,109,Kärnten
2021-09,75.0,ÖGK-K,Sep.21,Ergotherapeut,134,32,166,Kärnten
2021-09,,ÖGK-K,Sep.21,Gesamt,2058,842,2900,Kärnten
2021-10,63.0,ÖGK-K,Okt.21,Physiotherapie,1857,779,2636,Kärnten
2021-10,66.0,ÖGK-K,Okt.21,Logopäde,63,31,94,Kärnten
2021-10,75.0,ÖGK-K,Okt.21,Ergotherapeut,96,45,141,Kärnten
2021-10,,ÖGK-K,Okt.21,Gesamt,2016,855,2871,Kärnten
2021-11,63.0,ÖGK-K,Nov.21,Physiotherapie,1873,866,2739,Kärnten
2021-11,66.0,ÖGK-K,Nov.21,Logopäde,94,38,132,Kärnten
2021-11,75.0,ÖGK-K,Nov.21,Ergotherapeut,131,43,174,Kärnten
2021-11,,ÖGK-K,Nov.21,Gesamt,2098,947,3045,Kärnten
2021-12,63.0,ÖGK-K,Dez.21,Physiotherapie,1176,960,2136,Kärnten
2021-12,66.0,ÖGK-K,Dez.21,Logopäde,50,63,113,Kärnten
2021-12,75.0,ÖGK-K,Dez.21,Ergotherapeut,73,63,136,Kärnten
2021-12,,ÖGK-K,Dez.21,Gesamt,1299,1086,2385,Kärnten
2022-01,63.0,ÖGK-K,Jän.22,Physiotherapie,1089,937,2026,Kärnten
2022-01,66.0,ÖGK-K,Jän.22,Logopäde,25,61,86,Kärnten
2022-01,75.0,ÖGK-K,Jän.22,Ergotherapeut,61,66,127,Kärnten
2022-01,,ÖGK-K,Jän.22,Gesamt,1175,1064,2239,Kärnten
2022-02,63.0,ÖGK-K,Feb.22,Physiotherapie,1197,685,1882,Kärnten
2022-02,66.0,ÖGK-K,Feb.22,Logopäde,36,54,90,Kärnten
2022-02,75.0,ÖGK-K,Feb.22,Ergotherapeut,84,58,142,Kärnten
2022-02,,ÖGK-K,Feb.22,Gesamt,1317,797,2114,Kärnten
2022-03,63.0,ÖGK-K,Mär.22,Physiotherapie,1586,1067,2653,Kärnten
2022-03,66.0,ÖGK-K,Mär.22,Logopäde,54,65,119,Kärnten
2022-03,75.0,ÖGK-K,Mär.22,Ergotherapeut,99,60,159,Kärnten
2022-03,,ÖGK-K,Mär.22,Gesamt,1739,1192,2931,Kärnten
2022-04,63.0,ÖGK-K,Apr.22,Physiotherapie,2290,874,3164,Kärnten
2022-04,66.0,ÖGK-K,Apr.22,Logopäde,78,53,131,Kärnten
2022-04,75.0,ÖGK-K,Apr.22,Ergotherapeut,139,50,189,Kärnten
2022-04,,ÖGK-K,Apr.22,Gesamt,2507,977,3484,Kärnten
2022-05,63.0,ÖGK-K,Mai.22,Physiotherapie,2250,1029,3279,Kärnten
2022-05,66.0,ÖGK-K,Mai.22,Logopäde,66,67,133,Kärnten
2022-05,75.0,ÖGK-K,Mai.22,Ergotherapeut,125,83,208,Kärnten
2022-05,,ÖGK-K,Mai.22,Gesamt,2441,1179,3620,Kärnten
2022-06,63.0,ÖGK-K,Jun.22,Physiotherapie,2087,972,3059,Kärnten
2022-06,66.0,ÖGK-K,Jun.22,Logopäde,89,48,137,Kärnten
2022-06,75.0,ÖGK-K,Jun.22,Ergotherapeut,127,64,191,Kärnten
2022-06,,ÖGK-K,Jun.22,Gesamt,2303,1084,3387,Kärnten
2022-07,63.0,ÖGK-K,Jul.22,Physiotherapie,2746,931,3677,Kärnten
2022-07,66.0,ÖGK-K,Jul.22,Logopäde,88,55,143,Kärnten
2022-07,75.0,ÖGK-K,Jul.22,Ergotherapeut,137,65,202,Kärnten
2022-07,,ÖGK-K,Jul.22,Gesamt,2971,1051,4022,Kärnten
2022-08,63.0,ÖGK-K,Aug.22,Physiotherapie,1764,536,2300,Kärnten
2022-08,66.0,ÖGK-K,Aug.22,Logopäde,56,30,86,Kärnten
2022-08,75.0,ÖGK-K,Aug.22,Ergotherapeut,80,35,115,Kärnten
2022-08,,ÖGK-K,Aug.22,Gesamt,1900,601,2501,Kärnten
2022-09,63.0,ÖGK-K,Sep.22,Physiotherapie,1536,1062,2598,Kärnten
2022-09,66.0,ÖGK-K,Sep.22,Logopäde,52,47,99,Kärnten
2022-09,75.0,ÖGK-K,Sep.22,Ergotherapeut,68,63,131,Kärnten
2022-09,,ÖGK-K,Sep.22,Gesamt,1656,1172,2828,Kärnten
2022-10,63.0,ÖGK-K,Okt.22,Physiotherapie,3304,611,3915,Kärnten
2022-10,66.0,ÖGK-K,Okt.22,Logopäde,97,47,144,Kärnten
2022-10,75.0,ÖGK-K,Okt.22,Ergotherapeut,151,73,224,Kärnten
2022-10,,ÖGK-K,Okt.22,Gesamt,3552,731,4283,Kärnten
2022-11,63.0,ÖGK-K,Nov.22,Physiotherapie,2828,712,3540,Kärnten
2022-11,66.0,ÖGK-K,Nov.22,Logopäde,113,46,159,Kärnten
2022-11,75.0,ÖGK-K,Nov.22,Ergotherapeut,218,56,274,Kärnten
2022-11,,ÖGK-K,Nov.22,Gesamt,3159,814,3973,Kärnten
2022-12,63.0,ÖGK-K,Dez.22,Physiotherapie,1484,455,1939,Kärnten
2022-12,66.0,ÖGK-K,Dez.22,Logopäde,49,29,78,Kärnten
2022-12,75.0,ÖGK-K,Dez.22,Ergotherapeut,2272,38,2310,Kärnten
2022-12,,ÖGK-K,Dez.22,Gesamt,3805,522,4327,Kärnten
2023-01,63.0,ÖGK-K,Jän.23,Physiotherapie,1217,821,2038,Kärnten
2023-01,66.0,ÖGK-K,Jän.23,Logopäde,43,137,180,Kärnten
2023-01,75.0,ÖGK-K,Jän.23,Ergotherapeut,97,142,239,Kärnten
2023-01,,ÖGK-K,Jän.23,Gesamt,1357,1100,2457,Kärnten
2023-02,63.0,ÖGK-K,Feb.23,Physiotherapie,1802,929,2731,Kärnten
2023-02,66.0,ÖGK-K,Feb.23,Logopäde,120,11,131,Kärnten
2023-02,75.0,ÖGK-K,Feb.23,Ergotherapeut,196,9,205,Kärnten
2023-02,,ÖGK-K,Feb.23,Gesamt,2118,949,3067,Kärnten
2023-03,63.0,ÖGK-K,Mär.23,Physiotherapie,2596,736,3332,Kärnten
2023-03,66.0,ÖGK-K,Mär.23,Logopäde,149,1,150,Kärnten
2023-03,75.0,ÖGK-K,Mär.23,Ergotherapeut,285,67,352,Kärnten
2023-03,,ÖGK-K,Mär.23,Gesamt,3030,804,3834,Kärnten
2023-04,63.0,ÖGK-K,Apr.23,Physiotherapie,2086,648,2734,Kärnten
2023-04,66.0,ÖGK-K,Apr.23,Logopäde,114,30,144,Kärnten
2023-04,75.0,ÖGK-K,Apr.23,Ergotherapeut,123,57,180,Kärnten
2023-04,,ÖGK-K,Apr.23,Gesamt,2323,735,3058,Kärnten
2023-05,63.0,ÖGK-K,Mai.23,Physiotherapie,2533,864,3397,Kärnten
2023-05,66.0,ÖGK-K,Mai.23,Logopäde,84,35,119,Kärnten
2023-05,75.0,ÖGK-K,Mai.23,Ergotherapeut,117,68,185,Kärnten
2023-05,,ÖGK-K,Mai.23,Gesamt,2734,967,3701,Kärnten
2023-06,63.0,ÖGK-K,Jun.23,Physiotherapie,2886,1450,4336,Kärnten
2023-06,66.0,ÖGK-K,Jun.23,Logopäde,84,71,155,Kärnten
2023-06,75.0,ÖGK-K,Jun.23,Ergotherapeut,136,82,218,Kärnten
2023-06,,ÖGK-K,Jun.23,Gesamt,3106,1603,4709,Kärnten
2023-07,63.0,ÖGK-K,Jul.23,Physiotherapie,2436,1278,3714,Kärnten
2023-07,66.0,ÖGK-K,Jul.23,Logopäde,50,106,156,Kärnten
2023-07,75.0,ÖGK-K,Jul.23,Ergotherapeut,110,172,282,Kärnten
2023-07,,ÖGK-K,Jul.23,Gesamt,2596,1556,4152,Kärnten
2023-08,63.0,ÖGK-K,Aug.23,Physiotherapie,2611,1256,3867,Kärnten
2023-08,66.0,ÖGK-K,Aug.23,Logopäde,76,77,153,Kärnten
2023-08,75.0,ÖGK-K,Aug.23,Ergotherapeut,84,61,145,Kärnten
2023-08,,ÖGK-K,Aug.23,Gesamt,2771,1394,4165,Kärnten
2023-09,63.0,ÖGK-K,Sep.23,Physiotherapie,2100,1336,3436,Kärnten
2023-09,66.0,ÖGK-K,Sep.23,Logopäde,124,142,266,Kärnten
2023-09,75.0,ÖGK-K,Sep.23,Ergotherapeut,183,211,394,Kärnten
2023-09,,ÖGK-K,Sep.23,Gesamt,2407,1689,4096,Kärnten
2023-10,63.0,ÖGK-K,Okt.23,Physiotherapie,2743,1767,4510,Kärnten
2023-10,66.0,ÖGK-K,Okt.23,Logopäde,121,66,187,Kärnten
2023-10,75.0,ÖGK-K,Okt.23,Ergotherapeut,210,115,325,Kärnten
2023-10,,ÖGK-K,Okt.23,Gesamt,3074,1948,5022,Kärnten
2023-11,63.0,ÖGK-K,Nov.23,Physiotherapie,2729,1697,4426,Kärnten
2023-11,66.0,ÖGK-K,Nov.23,Logopäde,84,51,135,Kärnten
2023-11,75.0,ÖGK-K,Nov.23,Ergotherapeut,115,85,200,Kärnten
2023-11,,ÖGK-K,Nov.23,Gesamt,2928,1833,4761,Kärnten
2023-12,63.0,ÖGK-K,Dez.23,Physiotherapie,1778,1266,3044,Kärnten
2023-12,66.0,ÖGK-K,Dez.23,Logopäde,76,61,137,Kärnten
2023-12,75.0,ÖGK-K,Dez.23,Ergotherapeut,125,106,231,Kärnten
2023-12,,ÖGK-K,Dez.23,Gesamt,1979,1433,3412,Kärnten
2021-01,63.0,ÖGK-N,Jän.21,Physiotherapie,6076,1329,7405,Niederösterreich
2021-01,66.0,ÖGK-N,Jän.21,Logopäde,368,131,499,Niederösterreich
2021-01,75.0,ÖGK-N,Jän.21,Ergotherapeut,389,78,467,Niederösterreich
2021-01,,ÖGK-N,Jän.21,Gesamt,6833,1538,8371,Niederösterreich
2021-02,63.0,ÖGK-N,Feb.21,Physiotherapie,5470,2439,7909,Niederösterreich
2021-02,66.0,ÖGK-N,Feb.21,Logopäde,369,224,593,Niederösterreich
2021-02,75.0,ÖGK-N,Feb.21,Ergotherapeut,383,163,546,Niederösterreich
2021-02,,ÖGK-N,Feb.21,Gesamt,6222,2826,9048,Niederösterreich
2021-03,63.0,ÖGK-N,Mär.21,Physiotherapie,6457,2099,8556,Niederösterreich
2021-03,66.0,ÖGK-N,Mär.21,Logopäde,518,211,729,Niederösterreich
2021-03,75.0,ÖGK-N,Mär.21,Ergotherapeut,437,165,602,Niederösterreich
2021-03,,ÖGK-N,Mär.21,Gesamt,7412,2475,9887,Niederösterreich
2021-04,63.0,ÖGK-N,Apr.21,Physiotherapie,6005,1753,7758,Niederösterreich
2021-04,66.0,ÖGK-N,Apr.21,Logopäde,447,188,635,Niederösterreich
2021-04,75.0,ÖGK-N,Apr.21,Ergotherapeut,538,119,657,Niederösterreich
2021-04,,ÖGK-N,Apr.21,Gesamt,6990,2060,9050,Niederösterreich
2021-05,63.0,ÖGK-N,Mai.21,Physiotherapie,4479,1469,5948,Niederösterreich
2021-05,66.0,ÖGK-N,Mai.21,Logopäde,309,146,455,Niederösterreich
2021-05,75.0,ÖGK-N,Mai.21,Ergotherapeut,369,107,476,Niederösterreich
2021-05,,ÖGK-N,Mai.21,Gesamt,5157,1722,6879,Niederösterreich
2021-06,63.0,ÖGK-N,Jun.21,Physiotherapie,5714,1552,7266,Niederösterreich
2021-06,66.0,ÖGK-N,Jun.21,Logopäde,426,212,638,Niederösterreich
2021-06,75.0,ÖGK-N,Jun.21,Ergotherapeut,361,132,493,Niederösterreich
2021-06,,ÖGK-N,Jun.21,Gesamt,6501,1896,8397,Niederösterreich
2021-07,63.0,ÖGK-N,Jul.21,Physiotherapie,5160,1710,6870,Niederösterreich
2021-07,66.0,ÖGK-N,Jul.21,Logopäde,391,184,575,Niederösterreich
2021-07,75.0,ÖGK-N,Jul.21,Ergotherapeut,393,102,495,Niederösterreich
2021-07,,ÖGK-N,Jul.21,Gesamt,5944,1996,7940,Niederösterreich
2021-08,63.0,ÖGK-N,Aug.21,Physiotherapie,5034,1633,6667,Niederösterreich
2021-08,66.0,ÖGK-N,Aug.21,Logopäde,339,170,509,Niederösterreich
2021-08,75.0,ÖGK-N,Aug.21,Ergotherapeut,383,90,473,Niederösterreich
2021-08,,ÖGK-N,Aug.21,Gesamt,5756,1893,7649,Niederösterreich
2021-09,63.0,ÖGK-N,Sep.21,Physiotherapie,6555,1764,8319,Niederösterreich
2021-09,66.0,ÖGK-N,Sep.21,Logopäde,392,188,580,Niederösterreich
2021-09,75.0,ÖGK-N,Sep.21,Ergotherapeut,428,130,558,Niederösterreich
2021-09,,ÖGK-N,Sep.21,Gesamt,7375,2082,9457,Niederösterreich
2021-10,63.0,ÖGK-N,Okt.21,Physiotherapie,5689,1118,6807,Niederösterreich
2021-10,66.0,ÖGK-N,Okt.21,Logopäde,325,127,452,Niederösterreich
2021-10,75.0,ÖGK-N,Okt.21,Ergotherapeut,413,79,492,Niederösterreich
2021-10,,ÖGK-N,Okt.21,Gesamt,6427,1324,7751,Niederösterreich
2021-11,63.0,ÖGK-N,Nov.21,Physiotherapie,4746,2136,6882,Niederösterreich
2021-11,66.0,ÖGK-N,Nov.21,Logopäde,319,214,533,Niederösterreich
2021-11,75.0,ÖGK-N,Nov.21,Ergotherapeut,376,187,563,Niederösterreich
2021-11,,ÖGK-N,Nov.21,Gesamt,5441,2537,7978,Niederösterreich
2021-12,63.0,ÖGK-N,Dez.21,Physiotherapie,4486,1744,6230,Niederösterreich
2021-12,66.0,ÖGK-N,Dez.21,Logopäde,321,162,483,Niederösterreich
2021-12,75.0,ÖGK-N,Dez.21,Ergotherapeut,338,133,471,Niederösterreich
2021-12,,ÖGK-N,Dez.21,Gesamt,5145,2039,7184,Niederösterreich
2022-01,63.0,ÖGK-N,Jän.22,Physiotherapie,5635,2279,7914,Niederösterreich
2022-01,66.0,ÖGK-N,Jän.22,Logopäde,327,233,560,Niederösterreich
2022-01,75.0,ÖGK-N,Jän.22,Ergotherapeut,327,190,517,Niederösterreich
2022-01,,ÖGK-N,Jän.22,Gesamt,6289,2702,8991,Niederösterreich
2022-02,63.0,ÖGK-N,Feb.22,Physiotherapie,4984,3844,8828,Niederösterreich
2022-02,66.0,ÖGK-N,Feb.22,Logopäde,327,367,694,Niederösterreich
2022-02,75.0,ÖGK-N,Feb.22,Ergotherapeut,442,332,774,Niederösterreich
2022-02,,ÖGK-N,Feb.22,Gesamt,5753,4543,10296,Niederösterreich
2022-03,63.0,ÖGK-N,Mär.22,Physiotherapie,7340,2260,9600,Niederösterreich
2022-03,66.0,ÖGK-N,Mär.22,Logopäde,460,288,748,Niederösterreich
2022-03,75.0,ÖGK-N,Mär.22,Ergotherapeut,658,263,921,Niederösterreich
2022-03,,ÖGK-N,Mär.22,Gesamt,8458,2811,11269,Niederösterreich
2022-04,63.0,ÖGK-N,Apr.22,Physiotherapie,3682,2027,5709,Niederösterreich
2022-04,66.0,ÖGK-N,Apr.22,Logopäde,300,258,558,Niederösterreich
2022-04,75.0,ÖGK-N,Apr.22,Ergotherapeut,698,221,919,Niederösterreich
2022-04,,ÖGK-N,Apr.22,Gesamt,4680,2506,7186,Niederösterreich
2022-05,63.0,ÖGK-N,Mai.22,Physiotherapie,4808,1860,6668,Niederösterreich
2022-05,66.0,ÖGK-N,Mai.22,Logopäde,373,218,591,Niederösterreich
2022-05,75.0,ÖGK-N,Mai.22,Ergotherapeut,615,159,774,Niederösterreich
2022-05,,ÖGK-N,Mai.22,Gesamt,5796,2237,8033,Niederösterreich
2022-06,63.0,ÖGK-N,Jun.22,Physiotherapie,4887,2126,7013,Niederösterreich
2022-06,66.0,ÖGK-N,Jun.22,Logopäde,573,242,815,Niederösterreich
2022-06,75.0,ÖGK-N,Jun.22,Ergotherapeut,463,233,696,Niederösterreich
2022-06,,ÖGK-N,Jun.22,Gesamt,5923,2601,8524,Niederösterreich
2022-07,63.0,ÖGK-N,Jul.22,Physiotherapie,6612,2602,9214,Niederösterreich
2022-07,66.0,ÖGK-N,Jul.22,Logopäde,574,311,885,Niederösterreich
2022-07,75.0,ÖGK-N,Jul.22,Ergotherapeut,365,294,659,Niederösterreich
2022-07,,ÖGK-N,Jul.22,Gesamt,7551,3207,10758,Niederösterreich
2022-08,63.0,ÖGK-N,Aug.22,Physiotherapie,7178,2599,9777,Niederösterreich
2022-08,66.0,ÖGK-N,Aug.22,Logopäde,546,263,809,Niederösterreich
2022-08,75.0,ÖGK-N,Aug.22,Ergotherapeut,481,191,672,Niederösterreich
2022-08,,ÖGK-N,Aug.22,Gesamt,8205,3053,11258,Niederösterreich
2022-09,63.0,ÖGK-N,Sep.22,Physiotherapie,7927,2540,10467,Niederösterreich
2022-09,66.0,ÖGK-N,Sep.22,Logopäde,468,305,773,Niederösterreich
2022-09,75.0,ÖGK-N,Sep.22,Ergotherapeut,631,207,838,Niederösterreich
2022-09,,ÖGK-N,Sep.22,Gesamt,9026,3052,12078,Niederösterreich
2022-10,63.0,ÖGK-N,Okt.22,Physiotherapie,5051,2210,7261,Niederösterreich
2022-10,66.0,ÖGK-N,Okt.22,Logopäde,333,300,633,Niederösterreich
2022-10,75.0,ÖGK-N,Okt.22,Ergotherapeut,391,227,618,Niederösterreich
2022-10,,ÖGK-N,Okt.22,Gesamt,5775,2737,8512,Niederösterreich
2022-11,63.0,ÖGK-N,Nov.22,Physiotherapie,6665,2818,9483,Niederösterreich
2022-11,66.0,ÖGK-N,Nov.22,Logopäde,435,325,760,Niederösterreich
2022-11,75.0,ÖGK-N,Nov.22,Ergotherapeut,522,220,742,Niederösterreich
2022-11,,ÖGK-N,Nov.22,Gesamt,7622,3363,10985,Niederösterreich
2022-12,63.0,ÖGK-N,Dez.22,Physiotherapie,4187,2098,6285,Niederösterreich
2022-12,66.0,ÖGK-N,Dez.22,Logopäde,306,228,534,Niederösterreich
2022-12,75.0,ÖGK-N,Dez.22,Ergotherapeut,325,168,493,Niederösterreich
2022-12,,ÖGK-N,Dez.22,Gesamt,4818,2494,7312,Niederösterreich
2023-01,63.0,ÖGK-N,Jän.23,Physiotherapie,6758,3755,10513,Niederösterreich
2023-01,66.0,ÖGK-N,Jän.23,Logopäde,388,348,736,Niederösterreich
2023-01,75.0,ÖGK-N,Jän.23,Ergotherapeut,597,307,904,Niederösterreich
2023-01,,ÖGK-N,Jän.23,Gesamt,7743,4410,12153,Niederösterreich
2023-02,63.0,ÖGK-N,Feb.23,Physiotherapie,5861,2820,8681,Niederösterreich
2023-02,66.0,ÖGK-N,Feb.23,Logopäde,433,333,766,Niederösterreich
2023-02,75.0,ÖGK-N,Feb.23,Ergotherapeut,511,284,795,Niederösterreich
2023-02,,ÖGK-N,Feb.23,Gesamt,6805,3437,10242,Niederösterreich
2023-03,63.0,ÖGK-N,Mär.23,Physiotherapie,6692,3388,10080,Niederösterreich
2023-03,66.0,ÖGK-N,Mär.23,Logopäde,531,388,919,Niederösterreich
2023-03,75.0,ÖGK-N,Mär.23,Ergotherapeut,651,347,998,Niederösterreich
2023-03,,ÖGK-N,Mär.23,Gesamt,7874,4123,11997,Niederösterreich
2023-04,63.0,ÖGK-N,Apr.23,Physiotherapie,4685,2410,7095,Niederösterreich
2023-04,66.0,ÖGK-N,Apr.23,Logopäde,365,320,685,Niederösterreich
2023-04,75.0,ÖGK-N,Apr.23,Ergotherapeut,411,196,607,Niederösterreich
2023-04,,ÖGK-N,Apr.23,Gesamt,5461,2926,8387,Niederösterreich
2023-05,63.0,ÖGK-N,Mai.23,Physiotherapie,4377,2848,7225,Niederösterreich
2023-05,66.0,ÖGK-N,Mai.23,Logopäde,371,364,735,Niederösterreich
2023-05,75.0,ÖGK-N,Mai.23,Ergotherapeut,373,308,681,Niederösterreich
2023-05,,ÖGK-N,Mai.23,Gesamt,5121,3520,8641,Niederösterreich
2023-06,63.0,ÖGK-N,Jun.23,Physiotherapie,4001,3542,7543,Niederösterreich
2023-06,66.0,ÖGK-N,Jun.23,Logopäde,316,422,738,Niederösterreich
2023-06,75.0,ÖGK-N,Jun.23,Ergotherapeut,371,353,724,Niederösterreich
2023-06,,ÖGK-N,Jun.23,Gesamt,4688,4317,9005,Niederösterreich
2023-07,63.0,ÖGK-N,Jul.23,Physiotherapie,3537,2741,6278,Niederösterreich
2023-07,66.0,ÖGK-N,Jul.23,Logopäde,333,360,693,Niederösterreich
2023-07,75.0,ÖGK-N,Jul.23,Ergotherapeut,299,305,604,Niederösterreich
2023-07,,ÖGK-N,Jul.23,Gesamt,4169,3406,7575,Niederösterreich
2023-08,63.0,ÖGK-N,Aug.23,Physiotherapie,3045,2289,5334,Niederösterreich
2023-08,66.0,ÖGK-N,Aug.23,Logopäde,310,290,600,Niederösterreich
2023-08,75.0,ÖGK-N,Aug.23,Ergotherapeut,353,229,582,Niederösterreich
2023-08,,ÖGK-N,Aug.23,Gesamt,3708,2808,6516,Niederösterreich
2023-09,63.0,ÖGK-N,Sep.23,Physiotherapie,3865,2622,6487,Niederösterreich
2023-09,66.0,ÖGK-N,Sep.23,Logopäde,291,253,544,Niederösterreich
2023-09,75.0,ÖGK-N,Sep.23,Ergotherapeut,447,252,699,Niederösterreich
2023-09,,ÖGK-N,Sep.23,Gesamt,4603,3127,7730,Niederösterreich
2023-10,63.0,ÖGK-N,Okt.23,Physiotherapie,4761,1700,6461,Niederösterreich
2023-10,66.0,ÖGK-N,Okt.23,Logopäde,363,184,547,Niederösterreich
2023-10,75.0,ÖGK-N,Okt.23,Ergotherapeut,632,188,820,Niederösterreich
2023-10,,ÖGK-N,Okt.23,Gesamt,5756,2072,7828,Niederösterreich
2023-11,63.0,ÖGK-N,Nov.23,Physiotherapie,5966,1362,7328,Niederösterreich
2023-11,66.0,ÖGK-N,Nov.23,Logopäde,537,157,694,Niederösterreich
2023-11,75.0,ÖGK-N,Nov.23,Ergotherapeut,550,142,692,Niederösterreich
2023-11,,ÖGK-N,Nov.23,Gesamt,7053,1661,8714,Niederösterreich
2023-12,63.0,ÖGK-N,Dez.23,Physiotherapie,5730,1227,6957,Niederösterreich
2023-12,66.0,ÖGK-N,Dez.23,Logopäde,406,163,569,Niederösterreich
2023-12,75.0,ÖGK-N,Dez.23,Ergotherapeut,499,140,639,Niederösterreich
2023-12,,ÖGK-N,Dez.23,Gesamt,6635,1530,8165,Niederösterreich
2021-01,63.0,ÖGK-O,Jän.21,Physiotherapie,7055,3196,10251,Oberösterreich
2021-01,66.0,ÖGK-O,Jän.21,Logopäde,144,150,294,Oberösterreich
2021-01,75.0,ÖGK-O,Jän.21,Ergotherapeut,251,152,403,Oberösterreich
2021-01,,ÖGK-O,Jän.21,Gesamt,7450,3498,10948,Oberösterreich
2021-02,63.0,ÖGK-O,Feb.21,Physiotherapie,8968,2035,11003,Oberösterreich
2021-02,66.0,ÖGK-O,Feb.21,Logopäde,242,89,331,Oberösterreich
2021-02,75.0,ÖGK-O,Feb.21,Ergotherapeut,355,120,475,Oberösterreich
2021-02,,ÖGK-O,Feb.21,Gesamt,9565,2244,11809,Oberösterreich
2021-03,63.0,ÖGK-O,Mär.21,Physiotherapie,9103,4043,13146,Oberösterreich
2021-03,66.0,ÖGK-O,Mär.21,Logopäde,153,224,377,Oberösterreich
2021-03,75.0,ÖGK-O,Mär.21,Ergotherapeut,237,244,481,Oberösterreich
2021-03,,ÖGK-O,Mär.21,Gesamt,9493,4511,14004,Oberösterreich
2021-04,63.0,ÖGK-O,Apr.21,Physiotherapie,8079,2977,11056,Oberösterreich
2021-04,66.0,ÖGK-O,Apr.21,Logopäde,141,151,292,Oberösterreich
2021-04,75.0,ÖGK-O,Apr.21,Ergotherapeut,255,129,384,Oberösterreich
2021-04,,ÖGK-O,Apr.21,Gesamt,8475,3257,11732,Oberösterreich
2021-05,63.0,ÖGK-O,Mai.21,Physiotherapie,8453,2982,11435,Oberösterreich
2021-05,66.0,ÖGK-O,Mai.21,Logopäde,190,148,338,Oberösterreich
2021-05,75.0,ÖGK-O,Mai.21,Ergotherapeut,361,71,432,Oberösterreich
2021-05,,ÖGK-O,Mai.21,Gesamt,9004,3201,12205,Oberösterreich
2021-06,63.0,ÖGK-O,Jun.21,Physiotherapie,9429,2782,12211,Oberösterreich
2021-06,66.0,ÖGK-O,Jun.21,Logopäde,220,172,392,Oberösterreich
2021-06,75.0,ÖGK-O,Jun.21,Ergotherapeut,418,307,725,Oberösterreich
2021-06,,ÖGK-O,Jun.21,Gesamt,10067,3261,13328,Oberösterreich
2021-07,63.0,ÖGK-O,Jul.21,Physiotherapie,9216,3228,12444,Oberösterreich
2021-07,66.0,ÖGK-O,Jul.21,Logopäde,243,179,422,Oberösterreich
2021-07,75.0,ÖGK-O,Jul.21,Ergotherapeut,343,305,648,Oberösterreich
2021-07,,ÖGK-O,Jul.21,Gesamt,9802,3712,13514,Oberösterreich
2021-08,63.0,ÖGK-O,Aug.21,Physiotherapie,7690,2840,10530,Oberösterreich
2021-08,66.0,ÖGK-O,Aug.21,Logopäde,215,122,337,Oberösterreich
2021-08,75.0,ÖGK-O,Aug.21,Ergotherapeut,445,194,639,Oberösterreich
2021-08,,ÖGK-O,Aug.21,Gesamt,8350,3156,11506,Oberösterreich
2021-09,63.0,ÖGK-O,Sep.21,Physiotherapie,9620,2723,12343,Oberösterreich
2021-09,66.0,ÖGK-O,Sep.21,Logopäde,325,140,465,Oberösterreich
2021-09,75.0,ÖGK-O,Sep.21,Ergotherapeut,613,170,783,Oberösterreich
2021-09,,ÖGK-O,Sep.21,Gesamt,10558,3033,13591,Oberösterreich
2021-10,63.0,ÖGK-O,Okt.21,Physiotherapie,8974,3042,12016,Oberösterreich
2021-10,66.0,ÖGK-O,Okt.21,Logopäde,244,177,421,Oberösterreich
2021-10,75.0,ÖGK-O,Okt.21,Ergotherapeut,473,185,658,Oberösterreich
2021-10,,ÖGK-O,Okt.21,Gesamt,9691,3404,13095,Oberösterreich
2021-11,63.0,ÖGK-O,Nov.21,Physiotherapie,8291,3641,11932,Oberösterreich
2021-11,66.0,ÖGK-O,Nov.21,Logopäde,182,168,350,Oberösterreich
2021-11,75.0,ÖGK-O,Nov.21,Ergotherapeut,355,237,592,Oberösterreich
2021-11,,ÖGK-O,Nov.21,Gesamt,8828,4046,12874,Oberösterreich
2021-12,63.0,ÖGK-O,Dez.21,Physiotherapie,8812,3968,12780,Oberösterreich
2021-12,66.0,ÖGK-O,Dez.21,Logopäde,158,219,377,Oberösterreich
2021-12,75.0,ÖGK-O,Dez.21,Ergotherapeut,291,259,550,Oberösterreich
2021-12,,ÖGK-O,Dez.21,Gesamt,9261,4446,13707,Oberösterreich
2022-01,63.0,ÖGK-O,Jän.22,Physiotherapie,7154,3542,10696,Oberösterreich
2022-01,66.0,ÖGK-O,Jän.22,Logopäde,170,190,360,Oberösterreich
2022-01,75.0,ÖGK-O,Jän.22,Ergotherapeut,237,205,442,Oberösterreich
2022-01,,ÖGK-O,Jän.22,Gesamt,7561,3937,11498,Oberösterreich
2022-02,63.0,ÖGK-O,Feb.22,Physiotherapie,7850,3122,10972,Oberösterreich
2022-02,66.0,ÖGK-O,Feb.22,Logopäde,320,146,466,Oberösterreich
2022-02,75.0,ÖGK-O,Feb.22,Ergotherapeut,664,176,840,Oberösterreich
2022-02,,ÖGK-O,Feb.22,Gesamt,8834,3444,12278,Oberösterreich
2022-03,63.0,ÖGK-O,Mär.22,Physiotherapie,9693,4038,13731,Oberösterreich
2022-03,66.0,ÖGK-O,Mär.22,Logopäde,498,290,788,Oberösterreich
2022-03,75.0,ÖGK-O,Mär.22,Ergotherapeut,577,248,825,Oberösterreich
2022-03,,ÖGK-O,Mär.22,Gesamt,10768,4576,15344,Oberösterreich
2022-04,63.0,ÖGK-O,Apr.22,Physiotherapie,9747,3634,13381,Oberösterreich
2022-04,66.0,ÖGK-O,Apr.22,Logopäde,195,223,418,Oberösterreich
2022-04,75.0,ÖGK-O,Apr.22,Ergotherapeut,237,224,461,Oberösterreich
2022-04,,ÖGK-O,Apr.22,Gesamt,10179,4081,14260,Oberösterreich
2022-05,63.0,ÖGK-O,Mai.22,Physiotherapie,9266,3861,13127,Oberösterreich
2022-05,66.0,ÖGK-O,Mai.22,Logopäde,290,238,528,Oberösterreich
2022-05,75.0,ÖGK-O,Mai.22,Ergotherapeut,429,290,719,Oberösterreich
2022-05,,ÖGK-O,Mai.22,Gesamt,9985,4389,14374,Oberösterreich
2022-06,63.0,ÖGK-O,Jun.22,Physiotherapie,8474,3779,12253,Oberösterreich
2022-06,66.0,ÖGK-O,Jun.22,Logopäde,332,214,546,Oberösterreich
2022-06,75.0,ÖGK-O,Jun.22,Ergotherapeut,456,224,680,Oberösterreich
2022-06,,ÖGK-O,Jun.22,Gesamt,9262,4217,13479,Oberösterreich
2022-07,63.0,ÖGK-O,Jul.22,Physiotherapie,8834,3844,12678,Oberösterreich
2022-07,66.0,ÖGK-O,Jul.22,Logopäde,337,214,551,Oberösterreich
2022-07,75.0,ÖGK-O,Jul.22,Ergotherapeut,447,270,717,Oberösterreich
2022-07,,ÖGK-O,Jul.22,Gesamt,9618,4328,13946,Oberösterreich
2022-08,63.0,ÖGK-O,Aug.22,Physiotherapie,8823,3759,12582,Oberösterreich
2022-08,66.0,ÖGK-O,Aug.22,Logopäde,290,171,461,Oberösterreich
2022-08,75.0,ÖGK-O,Aug.22,Ergotherapeut,455,268,723,Oberösterreich
2022-08,,ÖGK-O,Aug.22,Gesamt,9568,4198,13766,Oberösterreich
2022-09,63.0,ÖGK-O,Sep.22,Physiotherapie,8146,3628,11774,Oberösterreich
2022-09,66.0,ÖGK-O,Sep.22,Logopäde,236,156,392,Oberösterreich
2022-09,75.0,ÖGK-O,Sep.22,Ergotherapeut,436,220,656,Oberösterreich
2022-09,,ÖGK-O,Sep.22,Gesamt,8818,4004,12822,Oberösterreich
2022-10,63.0,ÖGK-O,Okt.22,Physiotherapie,8788,3938,12726,Oberösterreich
2022-10,66.0,ÖGK-O,Okt.22,Logopäde,253,249,502,Oberösterreich
2022-10,75.0,ÖGK-O,Okt.22,Ergotherapeut,359,253,612,Oberösterreich
2022-10,,ÖGK-O,Okt.22,Gesamt,9400,4440,13840,Oberösterreich
2022-11,63.0,ÖGK-O,Nov.22,Physiotherapie,8551,4238,12789,Oberösterreich
2022-11,66.0,ÖGK-O,Nov.22,Logopäde,259,260,519,Oberösterreich
2022-11,75.0,ÖGK-O,Nov.22,Ergotherapeut,380,309,689,Oberösterreich
2022-11,,ÖGK-O,Nov.22,Gesamt,9190,4807,13997,Oberösterreich
2022-12,63.0,ÖGK-O,Dez.22,Physiotherapie,8090,4422,12512,Oberösterreich
2022-12,66.0,ÖGK-O,Dez.22,Logopäde,243,232,475,Oberösterreich
2022-12,75.0,ÖGK-O,Dez.22,Ergotherapeut,350,306,656,Oberösterreich
2022-12,,ÖGK-O,Dez.22,Gesamt,8683,4960,13643,Oberösterreich
2023-01,63.0,ÖGK-O,Jän.23,Physiotherapie,6278,4733,11011,Oberösterreich
2023-01,66.0,ÖGK-O,Jän.23,Logopäde,314,278,592,Oberösterreich
2023-01,75.0,ÖGK-O,Jän.23,Ergotherapeut,495,385,880,Oberösterreich
2023-01,,ÖGK-O,Jän.23,Gesamt,7087,5396,12483,Oberösterreich
2023-02,63.0,ÖGK-O,Feb.23,Physiotherapie,9988,4221,14209,Oberösterreich
2023-02,66.0,ÖGK-O,Feb.23,Logopäde,437,270,707,Oberösterreich
2023-02,75.0,ÖGK-O,Feb.23,Ergotherapeut,639,299,938,Oberösterreich
2023-02,,ÖGK-O,Feb.23,Gesamt,11064,4790,15854,Oberösterreich
2023-03,63.0,ÖGK-O,Mär.23,Physiotherapie,12802,5002,17804,Oberösterreich
2023-03,66.0,ÖGK-O,Mär.23,Logopäde,400,324,724,Oberösterreich
2023-03,75.0,ÖGK-O,Mär.23,Ergotherapeut,550,378,928,Oberösterreich
2023-03,,ÖGK-O,Mär.23,Gesamt,13752,5704,19456,Oberösterreich
2023-04,63.0,ÖGK-O,Apr.23,Physiotherapie,9520,4450,13970,Oberösterreich
2023-04,66.0,ÖGK-O,Apr.23,Logopäde,273,295,568,Oberösterreich
2023-04,75.0,ÖGK-O,Apr.23,Ergotherapeut,504,313,817,Oberösterreich
2023-04,,ÖGK-O,Apr.23,Gesamt,10297,5058,15355,Oberösterreich
2023-05,63.0,ÖGK-O,Mai.23,Physiotherapie,7813,4429,12242,Oberösterreich
2023-05,66.0,ÖGK-O,Mai.23,Logopäde,359,304,663,Oberösterreich
2023-05,75.0,ÖGK-O,Mai.23,Ergotherapeut,530,368,898,Oberösterreich
2023-05,,ÖGK-O,Mai.23,Gesamt,8702,5101,13803,Oberösterreich
2023-06,63.0,ÖGK-O,Jun.23,Physiotherapie,9802,3761,13563,Oberösterreich
2023-06,66.0,ÖGK-O,Jun.23,Logopäde,380,241,621,Oberösterreich
2023-06,75.0,ÖGK-O,Jun.23,Ergotherapeut,515,348,863,Oberösterreich
2023-06,,ÖGK-O,Jun.23,Gesamt,10697,4350,15047,Oberösterreich
2023-07,63.0,ÖGK-O,Jul.23,Physiotherapie,8511,4742,13253,Oberösterreich
2023-07,66.0,ÖGK-O,Jul.23,Logopäde,216,295,511,Oberösterreich
2023-07,75.0,ÖGK-O,Jul.23,Ergotherapeut,289,365,654,Oberösterreich
2023-07,,ÖGK-O,Jul.23,Gesamt,9016,5402,14418,Oberösterreich
2023-08,63.0,ÖGK-O,Aug.23,Physiotherapie,10673,3802,14475,Oberösterreich
2023-08,66.0,ÖGK-O,Aug.23,Logopäde,307,218,525,Oberösterreich
2023-08,75.0,ÖGK-O,Aug.23,Ergotherapeut,383,279,662,Oberösterreich
2023-08,,ÖGK-O,Aug.23,Gesamt,11363,4299,15662,Oberösterreich
2023-09,63.0,ÖGK-O,Sep.23,Physiotherapie,8276,3929,12205,Oberösterreich
2023-09,66.0,ÖGK-O,Sep.23,Logopäde,383,134,517,Oberösterreich
2023-09,75.0,ÖGK-O,Sep.23,Ergotherapeut,443,226,669,Oberösterreich
2023-09,,ÖGK-O,Sep.23,Gesamt,9102,4289,13391,Oberösterreich
2023-10,63.0,ÖGK-O,Okt.23,Physiotherapie,8889,2724,11613,Oberösterreich
2023-10,66.0,ÖGK-O,Okt.23,Logopäde,295,171,466,Oberösterreich
2023-10,75.0,ÖGK-O,Okt.23,Ergotherapeut,504,240,744,Oberösterreich
2023-10,,ÖGK-O,Okt.23,Gesamt,9688,3135,12823,Oberösterreich
2023-11,63.0,ÖGK-O,Nov.23,Physiotherapie,8720,3653,12373,Oberösterreich
2023-11,66.0,ÖGK-O,Nov.23,Logopäde,173,215,388,Oberösterreich
2023-11,75.0,ÖGK-O,Nov.23,Ergotherapeut,328,291,619,Oberösterreich
2023-11,,ÖGK-O,Nov.23,Gesamt,9221,4159,13380,Oberösterreich
2023-12,63.0,ÖGK-O,Dez.23,Physiotherapie,7571,3608,11179,Oberösterreich
2023-12,66.0,ÖGK-O,Dez.23,Logopäde,184,186,370,Oberösterreich
2023-12,75.0,ÖGK-O,Dez.23,Ergotherapeut,250,197,447,Oberösterreich
2023-12,,ÖGK-O,Dez.23,Gesamt,8005,3991,11996,Oberösterreich
2021-01,63.0,ÖGK-S,Jän.21,Physiotherapie,4891,838,5729,Salzburg
2021-01,66.0,ÖGK-S,Jän.21,Logopäde,78,26,104,Salzburg
2021-01,75.0,ÖGK-S,Jän.21,Ergotherapeut,132,21,153,Salzburg
2021-01,,ÖGK-S,Jän.21,Gesamt,5101,885,5986,Salzburg
2021-02,63.0,ÖGK-S,Feb.21,Physiotherapie,4294,1642,5936,Salzburg
2021-02,66.0,ÖGK-S,Feb.21,Logopäde,74,69,143,Salzburg
2021-02,75.0,ÖGK-S,Feb.21,Ergotherapeut,133,57,190,Salzburg
2021-02,,ÖGK-S,Feb.21,Gesamt,4501,1768,6269,Salzburg
2021-03,63.0,ÖGK-S,Mär.21,Physiotherapie,5400,1345,6745,Salzburg
2021-03,66.0,ÖGK-S,Mär.21,Logopäde,133,47,180,Salzburg
2021-03,75.0,ÖGK-S,Mär.21,Ergotherapeut,192,43,235,Salzburg
2021-03,,ÖGK-S,Mär.21,Gesamt,5725,1435,7160,Salzburg
2021-04,63.0,ÖGK-S,Apr.21,Physiotherapie,6297,1276,7573,Salzburg
2021-04,66.0,ÖGK-S,Apr.21,Logopäde,127,47,174,Salzburg
2021-04,75.0,ÖGK-S,Apr.21,Ergotherapeut,98,53,151,Salzburg
2021-04,,ÖGK-S,Apr.21,Gesamt,6522,1376,7898,Salzburg
2021-05,63.0,ÖGK-S,Mai.21,Physiotherapie,4729,1055,5784,Salzburg
2021-05,66.0,ÖGK-S,Mai.21,Logopäde,127,53,180,Salzburg
2021-05,75.0,ÖGK-S,Mai.21,Ergotherapeut,123,47,170,Salzburg
2021-05,,ÖGK-S,Mai.21,Gesamt,4979,1155,6134,Salzburg
2021-06,63.0,ÖGK-S,Jun.21,Physiotherapie,4618,1504,6122,Salzburg
2021-06,66.0,ÖGK-S,Jun.21,Logopäde,136,87,223,Salzburg
2021-06,75.0,ÖGK-S,Jun.21,Ergotherapeut,99,38,137,Salzburg
2021-06,,ÖGK-S,Jun.21,Gesamt,4853,1629,6482,Salzburg
2021-07,63.0,ÖGK-S,Jul.21,Physiotherapie,4556,1680,6236,Salzburg
2021-07,66.0,ÖGK-S,Jul.21,Logopäde,125,92,217,Salzburg
2021-07,75.0,ÖGK-S,Jul.21,Ergotherapeut,276,115,391,Salzburg
2021-07,,ÖGK-S,Jul.21,Gesamt,4957,1887,6844,Salzburg
2021-08,63.0,ÖGK-S,Aug.21,Physiotherapie,3356,1212,4568,Salzburg
2021-08,66.0,ÖGK-S,Aug.21,Logopäde,89,58,147,Salzburg
2021-08,75.0,ÖGK-S,Aug.21,Ergotherapeut,123,64,187,Salzburg
2021-08,,ÖGK-S,Aug.21,Gesamt,3568,1334,4902,Salzburg
2021-09,63.0,ÖGK-S,Sep.21,Physiotherapie,4187,1680,5867,Salzburg
2021-09,66.0,ÖGK-S,Sep.21,Logopäde,97,66,163,Salzburg
2021-09,75.0,ÖGK-S,Sep.21,Ergotherapeut,131,55,186,Salzburg
2021-09,,ÖGK-S,Sep.21,Gesamt,4415,1801,6216,Salzburg
2021-10,63.0,ÖGK-S,Okt.21,Physiotherapie,3666,1635,5301,Salzburg
2021-10,66.0,ÖGK-S,Okt.21,Logopäde,111,71,182,Salzburg
2021-10,75.0,ÖGK-S,Okt.21,Ergotherapeut,90,55,145,Salzburg
2021-10,,ÖGK-S,Okt.21,Gesamt,3867,1761,5628,Salzburg
2021-11,63.0,ÖGK-S,Nov.21,Physiotherapie,5622,2125,7747,Salzburg
2021-11,66.0,ÖGK-S,Nov.21,Logopäde,101,86,187,Salzburg
2021-11,75.0,ÖGK-S,Nov.21,Ergotherapeut,100,75,175,Salzburg
2021-11,,ÖGK-S,Nov.21,Gesamt,5823,2286,8109,Salzburg
2021-12,63.0,ÖGK-S,Dez.21,Physiotherapie,5456,2124,7580,Salzburg
2021-12,66.0,ÖGK-S,Dez.21,Logopäde,86,95,181,Salzburg
2021-12,75.0,ÖGK-S,Dez.21,Ergotherapeut,92,93,185,Salzburg
2021-12,,ÖGK-S,Dez.21,Gesamt,5634,2312,7946,Salzburg
2022-01,63.0,ÖGK-S,Jän.22,Physiotherapie,3018,1738,4756,Salzburg
2022-01,66.0,ÖGK-S,Jän.22,Logopäde,79,47,126,Salzburg
2022-01,75.0,ÖGK-S,Jän.22,Ergotherapeut,105,54,159,Salzburg
2022-01,,ÖGK-S,Jän.22,Gesamt,3202,1839,5041,Salzburg
2022-02,63.0,ÖGK-S,Feb.22,Physiotherapie,4349,2148,6497,Salzburg
2022-02,66.0,ÖGK-S,Feb.22,Logopäde,98,75,173,Salzburg
2022-02,75.0,ÖGK-S,Feb.22,Ergotherapeut,109,87,196,Salzburg
2022-02,,ÖGK-S,Feb.22,Gesamt,4556,2310,6866,Salzburg
2022-03,63.0,ÖGK-S,Mär.22,Physiotherapie,5508,2353,7861,Salzburg
2022-03,66.0,ÖGK-S,Mär.22,Logopäde,123,86,209,Salzburg
2022-03,75.0,ÖGK-S,Mär.22,Ergotherapeut,113,65,178,Salzburg
2022-03,,ÖGK-S,Mär.22,Gesamt,5744,2504,8248,Salzburg
2022-04,63.0,ÖGK-S,Apr.22,Physiotherapie,5010,2062,7072,Salzburg
2022-04,66.0,ÖGK-S,Apr.22,Logopäde,107,100,207,Salzburg
2022-04,75.0,ÖGK-S,Apr.22,Ergotherapeut,96,87,183,Salzburg
2022-04,,ÖGK-S,Apr.22,Gesamt,5213,2249,7462,Salzburg
2022-05,63.0,ÖGK-S,Mai.22,Physiotherapie,7212,8297,15509,Salzburg
2022-05,66.0,ÖGK-S,Mai.22,Logopäde,103,126,229,Salzburg
2022-05,75.0,ÖGK-S,Mai.22,Ergotherapeut,107,77,184,Salzburg
2022-05,,ÖGK-S,Mai.22,Gesamt,7422,8500,15922,Salzburg
2022-06,63.0,ÖGK-S,Jun.22,Physiotherapie,3679,1806,5485,Salzburg
2022-06,66.0,ÖGK-S,Jun.22,Logopäde,114,92,206,Salzburg
2022-06,75.0,ÖGK-S,Jun.22,Ergotherapeut,122,72,194,Salzburg
2022-06,,ÖGK-S,Jun.22,Gesamt,3915,1970,5885,Salzburg
2022-07,63.0,ÖGK-S,Jul.22,Physiotherapie,5487,1956,7443,Salzburg
2022-07,66.0,ÖGK-S,Jul.22,Logopäde,90,94,184,Salzburg
2022-07,75.0,ÖGK-S,Jul.22,Ergotherapeut,118,88,206,Salzburg
2022-07,,ÖGK-S,Jul.22,Gesamt,5695,2138,7833,Salzburg
2022-08,63.0,ÖGK-S,Aug.22,Physiotherapie,3730,1754,5484,Salzburg
2022-08,66.0,ÖGK-S,Aug.22,Logopäde,90,83,173,Salzburg
2022-08,75.0,ÖGK-S,Aug.22,Ergotherapeut,121,72,193,Salzburg
2022-08,,ÖGK-S,Aug.22,Gesamt,3941,1909,5850,Salzburg
2022-09,63.0,ÖGK-S,Sep.22,Physiotherapie,3453,1573,5026,Salzburg
2022-09,66.0,ÖGK-S,Sep.22,Logopäde,96,67,163,Salzburg
2022-09,75.0,ÖGK-S,Sep.22,Ergotherapeut,89,53,142,Salzburg
2022-09,,ÖGK-S,Sep.22,Gesamt,3638,1693,5331,Salzburg
2022-10,63.0,ÖGK-S,Okt.22,Physiotherapie,3238,1490,4728,Salzburg
2022-10,66.0,ÖGK-S,Okt.22,Logopäde,68,75,143,Salzburg
2022-10,75.0,ÖGK-S,Okt.22,Ergotherapeut,105,81,186,Salzburg
2022-10,,ÖGK-S,Okt.22,Gesamt,3411,1646,5057,Salzburg
2022-11,63.0,ÖGK-S,Nov.22,Physiotherapie,3331,1654,4985,Salzburg
2022-11,66.0,ÖGK-S,Nov.22,Logopäde,88,57,145,Salzburg
2022-11,75.0,ÖGK-S,Nov.22,Ergotherapeut,107,64,171,Salzburg
2022-11,,ÖGK-S,Nov.22,Gesamt,3526,1775,5301,Salzburg
2022-12,63.0,ÖGK-S,Dez.22,Physiotherapie,3360,1553,4913,Salzburg
2022-12,66.0,ÖGK-S,Dez.22,Logopäde,72,65,137,Salzburg
2022-12,75.0,ÖGK-S,Dez.22,Ergotherapeut,81,54,135,Salzburg
2022-12,,ÖGK-S,Dez.22,Gesamt,3513,1672,5185,Salzburg
2023-01,63.0,ÖGK-S,Jän.23,Physiotherapie,3574,2115,5689,Salzburg
2023-01,66.0,ÖGK-S,Jän.23,Logopäde,103,95,198,Salzburg
2023-01,75.0,ÖGK-S,Jän.23,Ergotherapeut,122,61,183,Salzburg
2023-01,,ÖGK-S,Jän.23,Gesamt,3799,2271,6070,Salzburg
2023-02,63.0,ÖGK-S,Feb.23,Physiotherapie,3284,1778,5062,Salzburg
2023-02,66.0,ÖGK-S,Feb.23,Logopäde,90,80,170,Salzburg
2023-02,75.0,ÖGK-S,Feb.23,Ergotherapeut,109,92,201,Salzburg
2023-02,,ÖGK-S,Feb.23,Gesamt,3483,1950,5433,Salzburg
2023-03,63.0,ÖGK-S,Mär.23,Physiotherapie,3717,1861,5578,Salzburg
2023-03,66.0,ÖGK-S,Mär.23,Logopäde,111,110,221,Salzburg
2023-03,75.0,ÖGK-S,Mär.23,Ergotherapeut,111,81,192,Salzburg
2023-03,,ÖGK-S,Mär.23,Gesamt,3939,2052,5991,Salzburg
2023-04,63.0,ÖGK-S,Apr.23,Physiotherapie,3324,1648,4972,Salzburg
2023-04,66.0,ÖGK-S,Apr.23,Logopäde,95,86,181,Salzburg
2023-04,75.0,ÖGK-S,Apr.23,Ergotherapeut,91,69,160,Salzburg
2023-04,,ÖGK-S,Apr.23,Gesamt,3510,1803,5313,Salzburg
2023-05,63.0,ÖGK-S,Mai.23,Physiotherapie,3159,1536,4695,Salzburg
2023-05,66.0,ÖGK-S,Mai.23,Logopäde,82,91,173,Salzburg
2023-05,75.0,ÖGK-S,Mai.23,Ergotherapeut,82,88,170,Salzburg
2023-05,,ÖGK-S,Mai.23,Gesamt,3323,1715,5038,Salzburg
2023-06,63.0,ÖGK-S,Jun.23,Physiotherapie,3572,1734,5306,Salzburg
2023-06,66.0,ÖGK-S,Jun.23,Logopäde,107,104,211,Salzburg
2023-06,75.0,ÖGK-S,Jun.23,Ergotherapeut,113,65,178,Salzburg
2023-06,,ÖGK-S,Jun.23,Gesamt,3792,1903,5695,Salzburg
2023-07,63.0,ÖGK-S,Jul.23,Physiotherapie,3889,1879,5768,Salzburg
2023-07,66.0,ÖGK-S,Jul.23,Logopäde,134,99,233,Salzburg
2023-07,75.0,ÖGK-S,Jul.23,Ergotherapeut,114,68,182,Salzburg
2023-07,,ÖGK-S,Jul.23,Gesamt,4137,2046,6183,Salzburg
2023-08,63.0,ÖGK-S,Aug.23,Physiotherapie,3639,1311,4950,Salzburg
2023-08,66.0,ÖGK-S,Aug.23,Logopäde,89,53,142,Salzburg
2023-08,75.0,ÖGK-S,Aug.23,Ergotherapeut,98,48,146,Salzburg
2023-08,,ÖGK-S,Aug.23,Gesamt,3826,1412,5238,Salzburg
2023-09,63.0,ÖGK-S,Sep.23,Physiotherapie,3909,8034,11943,Salzburg
2023-09,66.0,ÖGK-S,Sep.23,Logopäde,110,141,251,Salzburg
2023-09,75.0,ÖGK-S,Sep.23,Ergotherapeut,136,96,232,Salzburg
2023-09,,ÖGK-S,Sep.23,Gesamt,4155,8271,12426,Salzburg
2023-10,63.0,ÖGK-S,Okt.23,Physiotherapie,4194,2245,6439,Salzburg
2023-10,66.0,ÖGK-S,Okt.23,Logopäde,132,119,251,Salzburg
2023-10,75.0,ÖGK-S,Okt.23,Ergotherapeut,130,91,221,Salzburg
2023-10,,ÖGK-S,Okt.23,Gesamt,4456,2455,6911,Salzburg
2023-11,63.0,ÖGK-S,Nov.23,Physiotherapie,4614,2656,7270,Salzburg
2023-11,66.0,ÖGK-S,Nov.23,Logopäde,180,171,351,Salzburg
2023-11,75.0,ÖGK-S,Nov.23,Ergotherapeut,150,121,271,Salzburg
2023-11,,ÖGK-S,Nov.23,Gesamt,4944,2948,7892,Salzburg
2023-12,63.0,ÖGK-S,Dez.23,Physiotherapie,2942,1695,4637,Salzburg
2023-12,66.0,ÖGK-S,Dez.23,Logopäde,116,106,222,Salzburg
2023-12,75.0,ÖGK-S,Dez.23,Ergotherapeut,86,54,140,Salzburg
2023-12,,ÖGK-S,Dez.23,Gesamt,3144,1855,4999,Salzburg
2021-01,63.0,ÖGK-ST,Jän.21,Physiotherapie,2295,930,3225,Steiermark
2021-01,66.0,ÖGK-ST,Jän.21,Logopäde,192,146,338,Steiermark
2021-01,75.0,ÖGK-ST,Jän.21,Ergotherapeut,95,49,144,Steiermark
2021-01,,ÖGK-ST,Jän.21,Gesamt,2582,1125,3707,Steiermark
2021-02,63.0,ÖGK-ST,Feb.21,Physiotherapie,1895,668,2563,Steiermark
2021-02,66.0,ÖGK-ST,Feb.21,Logopäde,190,73,263,Steiermark
2021-02,75.0,ÖGK-ST,Feb.21,Ergotherapeut,67,36,103,Steiermark
2021-02,,ÖGK-ST,Feb.21,Gesamt,2152,777,2929,Steiermark
2021-03,63.0,ÖGK-ST,Mär.21,Physiotherapie,2287,517,2804,Steiermark
2021-03,66.0,ÖGK-ST,Mär.21,Logopäde,201,79,280,Steiermark
2021-03,75.0,ÖGK-ST,Mär.21,Ergotherapeut,110,28,138,Steiermark
2021-03,,ÖGK-ST,Mär.21,Gesamt,2598,624,3222,Steiermark
2021-04,63.0,ÖGK-ST,Apr.21,Physiotherapie,2966,268,3234,Steiermark
2021-04,66.0,ÖGK-ST,Apr.21,Logopäde,296,61,357,Steiermark
2021-04,75.0,ÖGK-ST,Apr.21,Ergotherapeut,151,15,166,Steiermark
2021-04,,ÖGK-ST,Apr.21,Gesamt,3413,344,3757,Steiermark
2021-05,63.0,ÖGK-ST,Mai.21,Physiotherapie,2531,433,2964,Steiermark
2021-05,66.0,ÖGK-ST,Mai.21,Logopäde,242,58,300,Steiermark
2021-05,75.0,ÖGK-ST,Mai.21,Ergotherapeut,81,44,125,Steiermark
2021-05,,ÖGK-ST,Mai.21,Gesamt,2854,535,3389,Steiermark
2021-06,63.0,ÖGK-ST,Jun.21,Physiotherapie,2217,831,3048,Steiermark
2021-06,66.0,ÖGK-ST,Jun.21,Logopäde,264,102,366,Steiermark
2021-06,75.0,ÖGK-ST,Jun.21,Ergotherapeut,90,27,117,Steiermark
2021-06,,ÖGK-ST,Jun.21,Gesamt,2571,960,3531,Steiermark
2021-07,63.0,ÖGK-ST,Jul.21,Physiotherapie,2081,495,2576,Steiermark
2021-07,66.0,ÖGK-ST,Jul.21,Logopäde,236,92,328,Steiermark
2021-07,75.0,ÖGK-ST,Jul.21,Ergotherapeut,88,29,117,Steiermark
2021-07,,ÖGK-ST,Jul.21,Gesamt,2405,616,3021,Steiermark
2021-08,63.0,ÖGK-ST,Aug.21,Physiotherapie,2050,1180,3230,Steiermark
2021-08,66.0,ÖGK-ST,Aug.21,Logopäde,255,194,449,Steiermark
2021-08,75.0,ÖGK-ST,Aug.21,Ergotherapeut,92,47,139,Steiermark
2021-08,,ÖGK-ST,Aug.21,Gesamt,2397,1421,3818,Steiermark
2021-09,63.0,ÖGK-ST,Sep.21,Physiotherapie,5904,1439,7343,Steiermark
2021-09,66.0,ÖGK-ST,Sep.21,Logopäde,477,208,685,Steiermark
2021-09,75.0,ÖGK-ST,Sep.21,Ergotherapeut,185,79,264,Steiermark
2021-09,,ÖGK-ST,Sep.21,Gesamt,6566,1726,8292,Steiermark
2021-10,63.0,ÖGK-ST,Okt.21,Physiotherapie,8729,1860,10589,Steiermark
2021-10,66.0,ÖGK-ST,Okt.21,Logopäde,652,221,873,Steiermark
2021-10,75.0,ÖGK-ST,Okt.21,Ergotherapeut,278,107,385,Steiermark
2021-10,,ÖGK-ST,Okt.21,Gesamt,9659,2188,11847,Steiermark
2021-11,63.0,ÖGK-ST,Nov.21,Physiotherapie,4483,1785,6268,Steiermark
2021-11,66.0,ÖGK-ST,Nov.21,Logopäde,462,255,717,Steiermark
2021-11,75.0,ÖGK-ST,Nov.21,Ergotherapeut,307,89,396,Steiermark
2021-11,,ÖGK-ST,Nov.21,Gesamt,5252,2129,7381,Steiermark
2021-12,63.0,ÖGK-ST,Dez.21,Physiotherapie,2618,2115,4733,Steiermark
2021-12,66.0,ÖGK-ST,Dez.21,Logopäde,253,357,610,Steiermark
2021-12,75.0,ÖGK-ST,Dez.21,Ergotherapeut,159,128,287,Steiermark
2021-12,,ÖGK-ST,Dez.21,Gesamt,3030,2600,5630,Steiermark
2022-01,63.0,ÖGK-ST,Jän.22,Physiotherapie,4162,1155,5317,Steiermark
2022-01,66.0,ÖGK-ST,Jän.22,Logopäde,368,166,534,Steiermark
2022-01,75.0,ÖGK-ST,Jän.22,Ergotherapeut,129,49,178,Steiermark
2022-01,,ÖGK-ST,Jän.22,Gesamt,4659,1370,6029,Steiermark
2022-02,63.0,ÖGK-ST,Feb.22,Physiotherapie,2553,1115,3668,Steiermark
2022-02,66.0,ÖGK-ST,Feb.22,Logopäde,230,172,402,Steiermark
2022-02,75.0,ÖGK-ST,Feb.22,Ergotherapeut,114,59,173,Steiermark
2022-02,,ÖGK-ST,Feb.22,Gesamt,2897,1346,4243,Steiermark
2022-03,63.0,ÖGK-ST,Mär.22,Physiotherapie,2458,1111,3569,Steiermark
2022-03,66.0,ÖGK-ST,Mär.22,Logopäde,248,120,368,Steiermark
2022-03,75.0,ÖGK-ST,Mär.22,Ergotherapeut,98,40,138,Steiermark
2022-03,,ÖGK-ST,Mär.22,Gesamt,2804,1271,4075,Steiermark
2022-04,63.0,ÖGK-ST,Apr.22,Physiotherapie,2271,1673,3944,Steiermark
2022-04,66.0,ÖGK-ST,Apr.22,Logopäde,192,178,370,Steiermark
2022-04,75.0,ÖGK-ST,Apr.22,Ergotherapeut,125,92,217,Steiermark
2022-04,,ÖGK-ST,Apr.22,Gesamt,2588,1943,4531,Steiermark
2022-05,63.0,ÖGK-ST,Mai.22,Physiotherapie,2597,948,3545,Steiermark
2022-05,66.0,ÖGK-ST,Mai.22,Logopäde,334,212,546,Steiermark
2022-05,75.0,ÖGK-ST,Mai.22,Ergotherapeut,116,31,147,Steiermark
2022-05,,ÖGK-ST,Mai.22,Gesamt,3047,1191,4238,Steiermark
2022-06,63.0,ÖGK-ST,Jun.22,Physiotherapie,1731,754,2485,Steiermark
2022-06,66.0,ÖGK-ST,Jun.22,Logopäde,246,97,343,Steiermark
2022-06,75.0,ÖGK-ST,Jun.22,Ergotherapeut,79,32,111,Steiermark
2022-06,,ÖGK-ST,Jun.22,Gesamt,2056,883,2939,Steiermark
2022-07,63.0,ÖGK-ST,Jul.22,Physiotherapie,1785,581,2366,Steiermark
2022-07,66.0,ÖGK-ST,Jul.22,Logopäde,298,75,373,Steiermark
2022-07,75.0,ÖGK-ST,Jul.22,Ergotherapeut,83,50,133,Steiermark
2022-07,,ÖGK-ST,Jul.22,Gesamt,2166,706,2872,Steiermark
2022-08,63.0,ÖGK-ST,Aug.22,Physiotherapie,1828,1248,3076,Steiermark
2022-08,66.0,ÖGK-ST,Aug.22,Logopäde,238,233,471,Steiermark
2022-08,75.0,ÖGK-ST,Aug.22,Ergotherapeut,72,106,178,Steiermark
2022-08,,ÖGK-ST,Aug.22,Gesamt,2138,1587,3725,Steiermark
2022-09,63.0,ÖGK-ST,Sep.22,Physiotherapie,3121,1695,4816,Steiermark
2022-09,66.0,ÖGK-ST,Sep.22,Logopäde,237,299,536,Steiermark
2022-09,75.0,ÖGK-ST,Sep.22,Ergotherapeut,116,137,253,Steiermark
2022-09,,ÖGK-ST,Sep.22,Gesamt,3474,2131,5605,Steiermark
2022-10,63.0,ÖGK-ST,Okt.22,Physiotherapie,2884,1031,3915,Steiermark
2022-10,66.0,ÖGK-ST,Okt.22,Logopäde,317,208,525,Steiermark
2022-10,75.0,ÖGK-ST,Okt.22,Ergotherapeut,189,34,223,Steiermark
2022-10,,ÖGK-ST,Okt.22,Gesamt,3390,1273,4663,Steiermark
2022-11,63.0,ÖGK-ST,Nov.22,Physiotherapie,3276,2351,5627,Steiermark
2022-11,66.0,ÖGK-ST,Nov.22,Logopäde,411,532,943,Steiermark
2022-11,75.0,ÖGK-ST,Nov.22,Ergotherapeut,210,180,390,Steiermark
2022-11,,ÖGK-ST,Nov.22,Gesamt,3897,3063,6960,Steiermark
2022-12,63.0,ÖGK-ST,Dez.22,Physiotherapie,3492,1057,4549,Steiermark
2022-12,66.0,ÖGK-ST,Dez.22,Logopäde,360,109,469,Steiermark
2022-12,75.0,ÖGK-ST,Dez.22,Ergotherapeut,143,44,187,Steiermark
2022-12,,ÖGK-ST,Dez.22,Gesamt,3995,1210,5205,Steiermark
2023-01,63.0,ÖGK-ST,Jän.23,Physiotherapie,4443,1235,5678,Steiermark
2023-01,66.0,ÖGK-ST,Jän.23,Logopäde,382,181,563,Steiermark
2023-01,75.0,ÖGK-ST,Jän.23,Ergotherapeut,210,86,296,Steiermark
2023-01,,ÖGK-ST,Jän.23,Gesamt,5035,1502,6537,Steiermark
2023-02,63.0,ÖGK-ST,Feb.23,Physiotherapie,3303,921,4224,Steiermark
2023-02,66.0,ÖGK-ST,Feb.23,Logopäde,319,147,466,Steiermark
2023-02,75.0,ÖGK-ST,Feb.23,Ergotherapeut,135,58,193,Steiermark
2023-02,,ÖGK-ST,Feb.23,Gesamt,3757,1126,4883,Steiermark
2023-03,63.0,ÖGK-ST,Mär.23,Physiotherapie,5442,1412,6854,Steiermark
2023-03,66.0,ÖGK-ST,Mär.23,Logopäde,693,268,961,Steiermark
2023-03,75.0,ÖGK-ST,Mär.23,Ergotherapeut,328,63,391,Steiermark
2023-03,,ÖGK-ST,Mär.23,Gesamt,6463,1743,8206,Steiermark
2023-04,63.0,ÖGK-ST,Apr.23,Physiotherapie,3582,1682,5264,Steiermark
2023-04,66.0,ÖGK-ST,Apr.23,Logopäde,427,265,692,Steiermark
2023-04,75.0,ÖGK-ST,Apr.23,Ergotherapeut,163,92,255,Steiermark
2023-04,,ÖGK-ST,Apr.23,Gesamt,4172,2039,6211,Steiermark
2023-05,63.0,ÖGK-ST,Mai.23,Physiotherapie,4053,1324,5377,Steiermark
2023-05,66.0,ÖGK-ST,Mai.23,Logopäde,366,144,510,Steiermark
2023-05,75.0,ÖGK-ST,Mai.23,Ergotherapeut,244,60,304,Steiermark
2023-05,,ÖGK-ST,Mai.23,Gesamt,4663,1528,6191,Steiermark
2023-06,63.0,ÖGK-ST,Jun.23,Physiotherapie,5043,961,6004,Steiermark
2023-06,66.0,ÖGK-ST,Jun.23,Logopäde,500,225,725,Steiermark
2023-06,75.0,ÖGK-ST,Jun.23,Ergotherapeut,242,78,320,Steiermark
2023-06,,ÖGK-ST,Jun.23,Gesamt,5785,1264,7049,Steiermark
2023-07,63.0,ÖGK-ST,Jul.23,Physiotherapie,3946,803,4749,Steiermark
2023-07,66.0,ÖGK-ST,Jul.23,Logopäde,387,139,526,Steiermark
2023-07,75.0,ÖGK-ST,Jul.23,Ergotherapeut,220,43,263,Steiermark
2023-07,,ÖGK-ST,Jul.23,Gesamt,4553,985,5538,Steiermark
2023-08,63.0,ÖGK-ST,Aug.23,Physiotherapie,3892,1298,5190,Steiermark
2023-08,66.0,ÖGK-ST,Aug.23,Logopäde,391,274,665,Steiermark
2023-08,75.0,ÖGK-ST,Aug.23,Ergotherapeut,236,96,332,Steiermark
2023-08,,ÖGK-ST,Aug.23,Gesamt,4519,1668,6187,Steiermark
2023-09,63.0,ÖGK-ST,Sep.23,Physiotherapie,3075,1251,4326,Steiermark
2023-09,66.0,ÖGK-ST,Sep.23,Logopäde,371,225,596,Steiermark
2023-09,75.0,ÖGK-ST,Sep.23,Ergotherapeut,256,91,347,Steiermark
2023-09,,ÖGK-ST,Sep.23,Gesamt,3702,1567,5269,Steiermark
2023-10,63.0,ÖGK-ST,Okt.23,Physiotherapie,2386,1365,3751,Steiermark
2023-10,66.0,ÖGK-ST,Okt.23,Logopäde,358,212,570,Steiermark
2023-10,75.0,ÖGK-ST,Okt.23,Ergotherapeut,179,77,256,Steiermark
2023-10,,ÖGK-ST,Okt.23,Gesamt,2923,1654,4577,Steiermark
2023-11,63.0,ÖGK-ST,Nov.23,Physiotherapie,1989,2106,4095,Steiermark
2023-11,66.0,ÖGK-ST,Nov.23,Logopäde,259,297,556,Steiermark
2023-11,75.0,ÖGK-ST,Nov.23,Ergotherapeut,147,126,273,Steiermark
2023-11,,ÖGK-ST,Nov.23,Gesamt,2395,2529,4924,Steiermark
2023-12,63.0,ÖGK-ST,Dez.23,Physiotherapie,1677,532,2209,Steiermark
2023-12,66.0,ÖGK-ST,Dez.23,Logopäde,213,122,335,Steiermark
2023-12,75.0,ÖGK-ST,Dez.23,Ergotherapeut,96,50,146,Steiermark
2023-12,,ÖGK-ST,Dez.23,Gesamt,1986,704,2690,Steiermark
2021-01,63.0,ÖGK-T,Jän.21,Physiotherapie,6228,1007,7235,Tirol
2021-01,66.0,ÖGK-T,Jän.21,Logopäde,185,74,259,Tirol
2021-01,75.0,ÖGK-T,Jän.21,Ergotherapeut,259,53,312,Tirol
2021-01,,ÖGK-T,Jän.21,Gesamt,6672,1134,7806,Tirol
2021-02,63.0,ÖGK-T,Feb.21,Physiotherapie,4614,1019,5633,Tirol
2021-02,66.0,ÖGK-T,Feb.21,Logopäde,224,74,298,Tirol
2021-02,75.0,ÖGK-T,Feb.21,Ergotherapeut,254,48,302,Tirol
2021-02,,ÖGK-T,Feb.21,Gesamt,5092,1141,6233,Tirol
2021-03,63.0,ÖGK-T,Mär.21,Physiotherapie,5553,1214,6767,Tirol
2021-03,66.0,ÖGK-T,Mär.21,Logopäde,269,81,350,Tirol
2021-03,75.0,ÖGK-T,Mär.21,Ergotherapeut,314,58,372,Tirol
2021-03,,ÖGK-T,Mär.21,Gesamt,6136,1353,7489,Tirol
2021-04,63.0,ÖGK-T,Apr.21,Physiotherapie,7442,1135,8577,Tirol
2021-04,66.0,ÖGK-T,Apr.21,Logopäde,233,65,298,Tirol
2021-04,75.0,ÖGK-T,Apr.21,Ergotherapeut,237,54,291,Tirol
2021-04,,ÖGK-T,Apr.21,Gesamt,7912,1254,9166,Tirol
2021-05,63.0,ÖGK-T,Mai.21,Physiotherapie,5932,1112,7044,Tirol
2021-05,66.0,ÖGK-T,Mai.21,Logopäde,221,74,295,Tirol
2021-05,75.0,ÖGK-T,Mai.21,Ergotherapeut,185,87,272,Tirol
2021-05,,ÖGK-T,Mai.21,Gesamt,6338,1273,7611,Tirol
2021-06,63.0,ÖGK-T,Jun.21,Physiotherapie,4674,1044,5718,Tirol
2021-06,66.0,ÖGK-T,Jun.21,Logopäde,214,71,285,Tirol
2021-06,75.0,ÖGK-T,Jun.21,Ergotherapeut,390,68,458,Tirol
2021-06,,ÖGK-T,Jun.21,Gesamt,5278,1183,6461,Tirol
2021-07,63.0,ÖGK-T,Jul.21,Physiotherapie,5181,1194,6375,Tirol
2021-07,66.0,ÖGK-T,Jul.21,Logopäde,270,101,371,Tirol
2021-07,75.0,ÖGK-T,Jul.21,Ergotherapeut,348,89,437,Tirol
2021-07,,ÖGK-T,Jul.21,Gesamt,5799,1384,7183,Tirol
2021-08,63.0,ÖGK-T,Aug.21,Physiotherapie,4303,1090,5393,Tirol
2021-08,66.0,ÖGK-T,Aug.21,Logopäde,187,118,305,Tirol
2021-08,75.0,ÖGK-T,Aug.21,Ergotherapeut,259,66,325,Tirol
2021-08,,ÖGK-T,Aug.21,Gesamt,4749,1274,6023,Tirol
2021-09,63.0,ÖGK-T,Sep.21,Physiotherapie,3972,1013,4985,Tirol
2021-09,66.0,ÖGK-T,Sep.21,Logopäde,156,44,200,Tirol
2021-09,75.0,ÖGK-T,Sep.21,Ergotherapeut,238,65,303,Tirol
2021-09,,ÖGK-T,Sep.21,Gesamt,4366,1122,5488,Tirol
2021-10,63.0,ÖGK-T,Okt.21,Physiotherapie,4156,1155,5311,Tirol
2021-10,66.0,ÖGK-T,Okt.21,Logopäde,193,103,296,Tirol
2021-10,75.0,ÖGK-T,Okt.21,Ergotherapeut,264,67,331,Tirol
2021-10,,ÖGK-T,Okt.21,Gesamt,4613,1325,5938,Tirol
2021-11,63.0,ÖGK-T,Nov.21,Physiotherapie,4586,1428,6014,Tirol
2021-11,66.0,ÖGK-T,Nov.21,Logopäde,205,85,290,Tirol
2021-11,75.0,ÖGK-T,Nov.21,Ergotherapeut,229,77,306,Tirol
2021-11,,ÖGK-T,Nov.21,Gesamt,5020,1590,6610,Tirol
2021-12,63.0,ÖGK-T,Dez.21,Physiotherapie,4616,1597,6213,Tirol
2021-12,66.0,ÖGK-T,Dez.21,Logopäde,162,132,294,Tirol
2021-12,75.0,ÖGK-T,Dez.21,Ergotherapeut,263,109,372,Tirol
2021-12,,ÖGK-T,Dez.21,Gesamt,5041,1838,6879,Tirol
2022-01,63.0,ÖGK-T,Jän.22,Physiotherapie,3873,1433,5306,Tirol
2022-01,66.0,ÖGK-T,Jän.22,Logopäde,151,90,241,Tirol
2022-01,75.0,ÖGK-T,Jän.22,Ergotherapeut,207,78,285,Tirol
2022-01,,ÖGK-T,Jän.22,Gesamt,4231,1601,5832,Tirol
2022-02,63.0,ÖGK-T,Feb.22,Physiotherapie,4350,1478,5828,Tirol
2022-02,66.0,ÖGK-T,Feb.22,Logopäde,187,118,305,Tirol
2022-02,75.0,ÖGK-T,Feb.22,Ergotherapeut,262,85,347,Tirol
2022-02,,ÖGK-T,Feb.22,Gesamt,4799,1681,6480,Tirol
2022-03,63.0,ÖGK-T,Mär.22,Physiotherapie,5844,1606,7450,Tirol
2022-03,66.0,ÖGK-T,Mär.22,Logopäde,233,122,355,Tirol
2022-03,75.0,ÖGK-T,Mär.22,Ergotherapeut,241,115,356,Tirol
2022-03,,ÖGK-T,Mär.22,Gesamt,6318,1843,8161,Tirol
2022-04,63.0,ÖGK-T,Apr.22,Physiotherapie,4243,1490,5733,Tirol
2022-04,66.0,ÖGK-T,Apr.22,Logopäde,230,136,366,Tirol
2022-04,75.0,ÖGK-T,Apr.22,Ergotherapeut,253,106,359,Tirol
2022-04,,ÖGK-T,Apr.22,Gesamt,4726,1732,6458,Tirol
2022-05,63.0,ÖGK-T,Mai.22,Physiotherapie,4059,1676,5735,Tirol
2022-05,66.0,ÖGK-T,Mai.22,Logopäde,224,121,345,Tirol
2022-05,75.0,ÖGK-T,Mai.22,Ergotherapeut,262,118,380,Tirol
2022-05,,ÖGK-T,Mai.22,Gesamt,4545,1915,6460,Tirol
2022-06,63.0,ÖGK-T,Jun.22,Physiotherapie,3901,1570,5471,Tirol
2022-06,66.0,ÖGK-T,Jun.22,Logopäde,202,119,321,Tirol
2022-06,75.0,ÖGK-T,Jun.22,Ergotherapeut,226,116,342,Tirol
2022-06,,ÖGK-T,Jun.22,Gesamt,4329,1805,6134,Tirol
2022-07,63.0,ÖGK-T,Jul.22,Physiotherapie,4432,3046,7478,Tirol
2022-07,66.0,ÖGK-T,Jul.22,Logopäde,224,145,369,Tirol
2022-07,75.0,ÖGK-T,Jul.22,Ergotherapeut,249,106,355,Tirol
2022-07,,ÖGK-T,Jul.22,Gesamt,4905,3297,8202,Tirol
2022-08,63.0,ÖGK-T,Aug.22,Physiotherapie,3978,1595,5573,Tirol
2022-08,66.0,ÖGK-T,Aug.22,Logopäde,206,99,305,Tirol
2022-08,75.0,ÖGK-T,Aug.22,Ergotherapeut,241,96,337,Tirol
2022-08,,ÖGK-T,Aug.22,Gesamt,4425,1790,6215,Tirol
2022-09,63.0,ÖGK-T,Sep.22,Physiotherapie,5973,1598,7571,Tirol
2022-09,66.0,ÖGK-T,Sep.22,Logopäde,195,109,304,Tirol
2022-09,75.0,ÖGK-T,Sep.22,Ergotherapeut,300,99,399,Tirol
2022-09,,ÖGK-T,Sep.22,Gesamt,6468,1806,8274,Tirol
2022-10,63.0,ÖGK-T,Okt.22,Physiotherapie,3879,1609,5488,Tirol
2022-10,66.0,ÖGK-T,Okt.22,Logopäde,196,111,307,Tirol
2022-10,75.0,ÖGK-T,Okt.22,Ergotherapeut,230,88,318,Tirol
2022-10,,ÖGK-T,Okt.22,Gesamt,4305,1808,6113,Tirol
2022-11,63.0,ÖGK-T,Nov.22,Physiotherapie,4501,1965,6466,Tirol
2022-11,66.0,ÖGK-T,Nov.22,Logopäde,193,136,329,Tirol
2022-11,75.0,ÖGK-T,Nov.22,Ergotherapeut,257,127,384,Tirol
2022-11,,ÖGK-T,Nov.22,Gesamt,4951,2228,7179,Tirol
2022-12,63.0,ÖGK-T,Dez.22,Physiotherapie,5848,2116,7964,Tirol
2022-12,66.0,ÖGK-T,Dez.22,Logopäde,239,142,381,Tirol
2022-12,75.0,ÖGK-T,Dez.22,Ergotherapeut,276,132,408,Tirol
2022-12,,ÖGK-T,Dez.22,Gesamt,6363,2390,8753,Tirol
2023-01,63.0,ÖGK-T,Jän.23,Physiotherapie,4440,2173,6613,Tirol
2023-01,66.0,ÖGK-T,Jän.23,Logopäde,232,168,400,Tirol
2023-01,75.0,ÖGK-T,Jän.23,Ergotherapeut,255,161,416,Tirol
2023-01,,ÖGK-T,Jän.23,Gesamt,4927,2502,7429,Tirol
2023-02,63.0,ÖGK-T,Feb.23,Physiotherapie,3839,1913,5752,Tirol
2023-02,66.0,ÖGK-T,Feb.23,Logopäde,195,117,312,Tirol
2023-02,75.0,ÖGK-T,Feb.23,Ergotherapeut,197,131,328,Tirol
2023-02,,ÖGK-T,Feb.23,Gesamt,4231,2161,6392,Tirol
2023-03,63.0,ÖGK-T,Mär.23,Physiotherapie,13525,2345,15870,Tirol
2023-03,66.0,ÖGK-T,Mär.23,Logopäde,277,232,509,Tirol
2023-03,75.0,ÖGK-T,Mär.23,Ergotherapeut,327,189,516,Tirol
2023-03,,ÖGK-T,Mär.23,Gesamt,14129,2766,16895,Tirol
2023-04,63.0,ÖGK-T,Apr.23,Physiotherapie,3540,1962,5502,Tirol
2023-04,66.0,ÖGK-T,Apr.23,Logopäde,201,161,362,Tirol
2023-04,75.0,ÖGK-T,Apr.23,Ergotherapeut,194,147,341,Tirol
2023-04,,ÖGK-T,Apr.23,Gesamt,3935,2270,6205,Tirol
2023-05,63.0,ÖGK-T,Mai.23,Physiotherapie,4251,2300,6551,Tirol
2023-05,66.0,ÖGK-T,Mai.23,Logopäde,196,137,333,Tirol
2023-05,75.0,ÖGK-T,Mai.23,Ergotherapeut,266,146,412,Tirol
2023-05,,ÖGK-T,Mai.23,Gesamt,4713,2583,7296,Tirol
2023-06,63.0,ÖGK-T,Jun.23,Physiotherapie,27633,2209,29842,Tirol
2023-06,66.0,ÖGK-T,Jun.23,Logopäde,234,172,406,Tirol
2023-06,75.0,ÖGK-T,Jun.23,Ergotherapeut,311,155,466,Tirol
2023-06,,ÖGK-T,Jun.23,Gesamt,28178,2536,30714,Tirol
2023-07,63.0,ÖGK-T,Jul.23,Physiotherapie,5872,2300,8172,Tirol
2023-07,66.0,ÖGK-T,Jul.23,Logopäde,265,188,453,Tirol
2023-07,75.0,ÖGK-T,Jul.23,Ergotherapeut,264,166,430,Tirol
2023-07,,ÖGK-T,Jul.23,Gesamt,6401,2654,9055,Tirol
2023-08,63.0,ÖGK-T,Aug.23,Physiotherapie,4123,2137,6260,Tirol
2023-08,66.0,ÖGK-T,Aug.23,Logopäde,245,109,354,Tirol
2023-08,75.0,ÖGK-T,Aug.23,Ergotherapeut,247,156,403,Tirol
2023-08,,ÖGK-T,Aug.23,Gesamt,4615,2402,7017,Tirol
2023-09,63.0,ÖGK-T,Sep.23,Physiotherapie,4362,1699,6061,Tirol
2023-09,66.0,ÖGK-T,Sep.23,Logopäde,219,103,322,Tirol
2023-09,75.0,ÖGK-T,Sep.23,Ergotherapeut,251,103,354,Tirol
2023-09,,ÖGK-T,Sep.23,Gesamt,4832,1905,6737,Tirol
2023-10,63.0,ÖGK-T,Okt.23,Physiotherapie,4545,1369,5914,Tirol
2023-10,66.0,ÖGK-T,Okt.23,Logopäde,210,96,306,Tirol
2023-10,75.0,ÖGK-T,Okt.23,Ergotherapeut,275,80,355,Tirol
2023-10,,ÖGK-T,Okt.23,Gesamt,5030,1545,6575,Tirol
2023-11,63.0,ÖGK-T,Nov.23,Physiotherapie,4743,2375,7118,Tirol
2023-11,66.0,ÖGK-T,Nov.23,Logopäde,210,182,392,Tirol
2023-11,75.0,ÖGK-T,Nov.23,Ergotherapeut,297,188,485,Tirol
2023-11,,ÖGK-T,Nov.23,Gesamt,5250,2745,7995,Tirol
2023-12,63.0,ÖGK-T,Dez.23,Physiotherapie,3806,2216,6022,Tirol
2023-12,66.0,ÖGK-T,Dez.23,Logopäde,179,177,356,Tirol
2023-12,75.0,ÖGK-T,Dez.23,Ergotherapeut,219,146,365,Tirol
2023-12,,ÖGK-T,Dez.23,Gesamt,4204,2539,6743,Tirol
2021-01,63.0,ÖGK-V,Jän.21,Physiotherapie,3260,466,3726,Vorarlberg
2021-01,66.0,ÖGK-V,Jän.21,Logopäde,58,8,66,Vorarlberg
2021-01,75.0,ÖGK-V,Jän.21,Ergotherapeut,38,9,47,Vorarlberg
2021-01,,ÖGK-V,Jän.21,Gesamt,3356,483,3839,Vorarlberg
2021-02,63.0,ÖGK-V,Feb.21,Physiotherapie,3696,501,4197,Vorarlberg
2021-02,66.0,ÖGK-V,Feb.21,Logopäde,79,11,90,Vorarlberg
2021-02,75.0,ÖGK-V,Feb.21,Ergotherapeut,37,12,49,Vorarlberg
2021-02,,ÖGK-V,Feb.21,Gesamt,3812,524,4336,Vorarlberg
2021-03,63.0,ÖGK-V,Mär.21,Physiotherapie,4471,618,5089,Vorarlberg
2021-03,66.0,ÖGK-V,Mär.21,Logopäde,77,9,86,Vorarlberg
2021-03,75.0,ÖGK-V,Mär.21,Ergotherapeut,26,7,33,Vorarlberg
2021-03,,ÖGK-V,Mär.21,Gesamt,4574,634,5208,Vorarlberg
2021-04,63.0,ÖGK-V,Apr.21,Physiotherapie,4017,508,4525,Vorarlberg
2021-04,66.0,ÖGK-V,Apr.21,Logopäde,65,8,73,Vorarlberg
2021-04,75.0,ÖGK-V,Apr.21,Ergotherapeut,44,13,57,Vorarlberg
2021-04,,ÖGK-V,Apr.21,Gesamt,4126,529,4655,Vorarlberg
2021-05,63.0,ÖGK-V,Mai.21,Physiotherapie,3708,563,4271,Vorarlberg
2021-05,66.0,ÖGK-V,Mai.21,Logopäde,55,20,75,Vorarlberg
2021-05,75.0,ÖGK-V,Mai.21,Ergotherapeut,70,13,83,Vorarlberg
2021-05,,ÖGK-V,Mai.21,Gesamt,3833,596,4429,Vorarlberg
2021-06,63.0,ÖGK-V,Jun.21,Physiotherapie,3490,546,4036,Vorarlberg
2021-06,66.0,ÖGK-V,Jun.21,Logopäde,61,18,79,Vorarlberg
2021-06,75.0,ÖGK-V,Jun.21,Ergotherapeut,42,7,49,Vorarlberg
2021-06,,ÖGK-V,Jun.21,Gesamt,3593,571,4164,Vorarlberg
2021-07,63.0,ÖGK-V,Jul.21,Physiotherapie,4190,691,4881,Vorarlberg
2021-07,66.0,ÖGK-V,Jul.21,Logopäde,76,21,97,Vorarlberg
2021-07,75.0,ÖGK-V,Jul.21,Ergotherapeut,57,9,66,Vorarlberg
2021-07,,ÖGK-V,Jul.21,Gesamt,4323,721,5044,Vorarlberg
2021-08,63.0,ÖGK-V,Aug.21,Physiotherapie,3508,558,4066,Vorarlberg
2021-08,66.0,ÖGK-V,Aug.21,Logopäde,30,17,47,Vorarlberg
2021-08,75.0,ÖGK-V,Aug.21,Ergotherapeut,45,12,57,Vorarlberg
2021-08,,ÖGK-V,Aug.21,Gesamt,3583,587,4170,Vorarlberg
2021-09,63.0,ÖGK-V,Sep.21,Physiotherapie,3514,530,4044,Vorarlberg
2021-09,66.0,ÖGK-V,Sep.21,Logopäde,59,18,77,Vorarlberg
2021-09,75.0,ÖGK-V,Sep.21,Ergotherapeut,28,4,32,Vorarlberg
2021-09,,ÖGK-V,Sep.21,Gesamt,3601,552,4153,Vorarlberg
2021-10,63.0,ÖGK-V,Okt.21,Physiotherapie,3392,595,3987,Vorarlberg
2021-10,66.0,ÖGK-V,Okt.21,Logopäde,54,16,70,Vorarlberg
2021-10,75.0,ÖGK-V,Okt.21,Ergotherapeut,24,4,28,Vorarlberg
2021-10,,ÖGK-V,Okt.21,Gesamt,3470,615,4085,Vorarlberg
2021-11,63.0,ÖGK-V,Nov.21,Physiotherapie,3677,731,4408,Vorarlberg
2021-11,66.0,ÖGK-V,Nov.21,Logopäde,43,8,51,Vorarlberg
2021-11,75.0,ÖGK-V,Nov.21,Ergotherapeut,29,6,35,Vorarlberg
2021-11,,ÖGK-V,Nov.21,Gesamt,3749,745,4494,Vorarlberg
2021-12,63.0,ÖGK-V,Dez.21,Physiotherapie,4060,775,4835,Vorarlberg
2021-12,66.0,ÖGK-V,Dez.21,Logopäde,70,18,88,Vorarlberg
2021-12,75.0,ÖGK-V,Dez.21,Ergotherapeut,34,8,42,Vorarlberg
2021-12,,ÖGK-V,Dez.21,Gesamt,4164,801,4965,Vorarlberg
2022-01,63.0,ÖGK-V,Jän.22,Physiotherapie,3123,661,3784,Vorarlberg
2022-01,66.0,ÖGK-V,Jän.22,Logopäde,33,15,48,Vorarlberg
2022-01,75.0,ÖGK-V,Jän.22,Ergotherapeut,40,3,43,Vorarlberg
2022-01,,ÖGK-V,Jän.22,Gesamt,3196,679,3875,Vorarlberg
2022-02,63.0,ÖGK-V,Feb.22,Physiotherapie,3326,680,4006,Vorarlberg
2022-02,66.0,ÖGK-V,Feb.22,Logopäde,43,24,67,Vorarlberg
2022-02,75.0,ÖGK-V,Feb.22,Ergotherapeut,31,7,38,Vorarlberg
2022-02,,ÖGK-V,Feb.22,Gesamt,3400,711,4111,Vorarlberg
2022-03,63.0,ÖGK-V,Mär.22,Physiotherapie,3967,671,4638,Vorarlberg
2022-03,66.0,ÖGK-V,Mär.22,Logopäde,66,19,85,Vorarlberg
2022-03,75.0,ÖGK-V,Mär.22,Ergotherapeut,18,10,28,Vorarlberg
2022-03,,ÖGK-V,Mär.22,Gesamt,4051,700,4751,Vorarlberg
2022-04,63.0,ÖGK-V,Apr.22,Physiotherapie,3766,716,4482,Vorarlberg
2022-04,66.0,ÖGK-V,Apr.22,Logopäde,53,21,74,Vorarlberg
2022-04,75.0,ÖGK-V,Apr.22,Ergotherapeut,45,7,52,Vorarlberg
2022-04,,ÖGK-V,Apr.22,Gesamt,3864,744,4608,Vorarlberg
2022-05,63.0,ÖGK-V,Mai.22,Physiotherapie,3842,775,4617,Vorarlberg
2022-05,66.0,ÖGK-V,Mai.22,Logopäde,67,16,83,Vorarlberg
2022-05,75.0,ÖGK-V,Mai.22,Ergotherapeut,40,13,53,Vorarlberg
2022-05,,ÖGK-V,Mai.22,Gesamt,3949,804,4753,Vorarlberg
2022-06,63.0,ÖGK-V,Jun.22,Physiotherapie,3478,702,4180,Vorarlberg
2022-06,66.0,ÖGK-V,Jun.22,Logopäde,38,30,68,Vorarlberg
2022-06,75.0,ÖGK-V,Jun.22,Ergotherapeut,16,9,25,Vorarlberg
2022-06,,ÖGK-V,Jun.22,Gesamt,3532,741,4273,Vorarlberg
2022-07,63.0,ÖGK-V,Jul.22,Physiotherapie,3224,672,3896,Vorarlberg
2022-07,66.0,ÖGK-V,Jul.22,Logopäde,77,21,98,Vorarlberg
2022-07,75.0,ÖGK-V,Jul.22,Ergotherapeut,55,17,72,Vorarlberg
2022-07,,ÖGK-V,Jul.22,Gesamt,3356,710,4066,Vorarlberg
2022-08,63.0,ÖGK-V,Aug.22,Physiotherapie,3304,701,4005,Vorarlberg
2022-08,66.0,ÖGK-V,Aug.22,Logopäde,33,19,52,Vorarlberg
2022-08,75.0,ÖGK-V,Aug.22,Ergotherapeut,35,8,43,Vorarlberg
2022-08,,ÖGK-V,Aug.22,Gesamt,3372,728,4100,Vorarlberg
2022-09,63.0,ÖGK-V,Sep.22,Physiotherapie,3708,748,4456,Vorarlberg
2022-09,66.0,ÖGK-V,Sep.22,Logopäde,67,27,94,Vorarlberg
2022-09,75.0,ÖGK-V,Sep.22,Ergotherapeut,26,8,34,Vorarlberg
2022-09,,ÖGK-V,Sep.22,Gesamt,3801,783,4584,Vorarlberg
2022-10,63.0,ÖGK-V,Okt.22,Physiotherapie,3314,720,4034,Vorarlberg
2022-10,66.0,ÖGK-V,Okt.22,Logopäde,53,17,70,Vorarlberg
2022-10,75.0,ÖGK-V,Okt.22,Ergotherapeut,37,3,40,Vorarlberg
2022-10,,ÖGK-V,Okt.22,Gesamt,3404,740,4144,Vorarlberg
2022-11,63.0,ÖGK-V,Nov.22,Physiotherapie,3777,800,4577,Vorarlberg
2022-11,66.0,ÖGK-V,Nov.22,Logopäde,73,15,88,Vorarlberg
2022-11,75.0,ÖGK-V,Nov.22,Ergotherapeut,51,11,62,Vorarlberg
2022-11,,ÖGK-V,Nov.22,Gesamt,3901,826,4727,Vorarlberg
2022-12,63.0,ÖGK-V,Dez.22,Physiotherapie,3559,870,4429,Vorarlberg
2022-12,66.0,ÖGK-V,Dez.22,Logopäde,128,28,156,Vorarlberg
2022-12,75.0,ÖGK-V,Dez.22,Ergotherapeut,30,9,39,Vorarlberg
2022-12,,ÖGK-V,Dez.22,Gesamt,3717,907,4624,Vorarlberg
2023-01,63.0,ÖGK-V,Jän.23,Physiotherapie,3871,988,4859,Vorarlberg
2023-01,66.0,ÖGK-V,Jän.23,Logopäde,76,38,114,Vorarlberg
2023-01,75.0,ÖGK-V,Jän.23,Ergotherapeut,49,15,64,Vorarlberg
2023-01,,ÖGK-V,Jän.23,Gesamt,3996,1041,5037,Vorarlberg
2023-02,63.0,ÖGK-V,Feb.23,Physiotherapie,3957,745,4702,Vorarlberg
2023-02,66.0,ÖGK-V,Feb.23,Logopäde,67,20,87,Vorarlberg
2023-02,75.0,ÖGK-V,Feb.23,Ergotherapeut,41,10,51,Vorarlberg
2023-02,,ÖGK-V,Feb.23,Gesamt,4065,775,4840,Vorarlberg
2023-03,63.0,ÖGK-V,Mär.23,Physiotherapie,4202,994,5196,Vorarlberg
2023-03,66.0,ÖGK-V,Mär.23,Logopäde,90,45,135,Vorarlberg
2023-03,75.0,ÖGK-V,Mär.23,Ergotherapeut,50,16,66,Vorarlberg
2023-03,,ÖGK-V,Mär.23,Gesamt,4342,1055,5397,Vorarlberg
2023-04,63.0,ÖGK-V,Apr.23,Physiotherapie,3795,900,4695,Vorarlberg
2023-04,66.0,ÖGK-V,Apr.23,Logopäde,72,32,104,Vorarlberg
2023-04,75.0,ÖGK-V,Apr.23,Ergotherapeut,39,10,49,Vorarlberg
2023-04,,ÖGK-V,Apr.23,Gesamt,3906,942,4848,Vorarlberg
2023-05,63.0,ÖGK-V,Mai.23,Physiotherapie,3439,942,4381,Vorarlberg
2023-05,66.0,ÖGK-V,Mai.23,Logopäde,71,29,100,Vorarlberg
2023-05,75.0,ÖGK-V,Mai.23,Ergotherapeut,45,21,66,Vorarlberg
2023-05,,ÖGK-V,Mai.23,Gesamt,3555,992,4547,Vorarlberg
2023-06,63.0,ÖGK-V,Jun.23,Physiotherapie,3867,840,4707,Vorarlberg
2023-06,66.0,ÖGK-V,Jun.23,Logopäde,79,18,97,Vorarlberg
2023-06,75.0,ÖGK-V,Jun.23,Ergotherapeut,43,9,52,Vorarlberg
2023-06,,ÖGK-V,Jun.23,Gesamt,3989,867,4856,Vorarlberg
2023-07,63.0,ÖGK-V,Jul.23,Physiotherapie,3713,1010,4723,Vorarlberg
2023-07,66.0,ÖGK-V,Jul.23,Logopäde,62,28,90,Vorarlberg
2023-07,75.0,ÖGK-V,Jul.23,Ergotherapeut,58,11,69,Vorarlberg
2023-07,,ÖGK-V,Jul.23,Gesamt,3833,1049,4882,Vorarlberg
2023-08,63.0,ÖGK-V,Aug.23,Physiotherapie,3554,823,4377,Vorarlberg
2023-08,66.0,ÖGK-V,Aug.23,Logopäde,83,42,125,Vorarlberg
2023-08,75.0,ÖGK-V,Aug.23,Ergotherapeut,12,6,18,Vorarlberg
2023-08,,ÖGK-V,Aug.23,Gesamt,3649,871,4520,Vorarlberg
2023-09,63.0,ÖGK-V,Sep.23,Physiotherapie,3269,801,4070,Vorarlberg
2023-09,66.0,ÖGK-V,Sep.23,Logopäde,81,10,91,Vorarlberg
2023-09,75.0,ÖGK-V,Sep.23,Ergotherapeut,52,14,66,Vorarlberg
2023-09,,ÖGK-V,Sep.23,Gesamt,3402,825,4227,Vorarlberg
2023-10,63.0,ÖGK-V,Okt.23,Physiotherapie,3242,965,4207,Vorarlberg
2023-10,66.0,ÖGK-V,Okt.23,Logopäde,65,52,117,Vorarlberg
2023-10,75.0,ÖGK-V,Okt.23,Ergotherapeut,36,4,40,Vorarlberg
2023-10,,ÖGK-V,Okt.23,Gesamt,3343,1021,4364,Vorarlberg
2023-11,63.0,ÖGK-V,Nov.23,Physiotherapie,4267,982,5249,Vorarlberg
2023-11,66.0,ÖGK-V,Nov.23,Logopäde,111,47,158,Vorarlberg
2023-11,75.0,ÖGK-V,Nov.23,Ergotherapeut,55,18,73,Vorarlberg
2023-11,,ÖGK-V,Nov.23,Gesamt,4433,1047,5480,Vorarlberg
2023-12,63.0,ÖGK-V,Dez.23,Physiotherapie,3388,913,4301,Vorarlberg
2023-12,66.0,ÖGK-V,Dez.23,Logopäde,110,30,140,Vorarlberg
2023-12,75.0,ÖGK-V,Dez.23,Ergotherapeut,41,14,55,Vorarlberg
2023-12,,ÖGK-V,Dez.23,Gesamt,3539,957,4496,Vorarlberg
2021-01,63.0,ÖGK-W,Jän.21,Physiotherapie,5548,5856,11404,Wien
2021-01,66.0,ÖGK-W,Jän.21,Logopäde,351,635,986,Wien
2021-01,75.0,ÖGK-W,Jän.21,Ergotherapeut,217,401,618,Wien
2021-01,,ÖGK-W,Jän.21,Gesamt,6116,6892,13008,Wien
2021-02,63.0,ÖGK-W,Feb.21,Physiotherapie,17663,4851,22514,Wien
2021-02,66.0,ÖGK-W,Feb.21,Logopäde,2351,545,2896,Wien
2021-02,75.0,ÖGK-W,Feb.21,Ergotherapeut,516,259,775,Wien
2021-02,,ÖGK-W,Feb.21,Gesamt,20530,5655,26185,Wien
2021-03,63.0,ÖGK-W,Mär.21,Physiotherapie,13747,4130,17877,Wien
2021-03,66.0,ÖGK-W,Mär.21,Logopäde,1005,562,1567,Wien
2021-03,75.0,ÖGK-W,Mär.21,Ergotherapeut,648,295,943,Wien
2021-03,,ÖGK-W,Mär.21,Gesamt,15400,4987,20387,Wien
2021-04,63.0,ÖGK-W,Apr.21,Physiotherapie,11637,3775,15412,Wien
2021-04,66.0,ÖGK-W,Apr.21,Logopäde,931,496,1427,Wien
2021-04,75.0,ÖGK-W,Apr.21,Ergotherapeut,636,306,942,Wien
2021-04,,ÖGK-W,Apr.21,Gesamt,13204,4577,17781,Wien
2021-05,63.0,ÖGK-W,Mai.21,Physiotherapie,5870,4060,9930,Wien
2021-05,66.0,ÖGK-W,Mai.21,Logopäde,511,514,1025,Wien
2021-05,75.0,ÖGK-W,Mai.21,Ergotherapeut,432,290,722,Wien
2021-05,,ÖGK-W,Mai.21,Gesamt,6813,4864,11677,Wien
2021-06,63.0,ÖGK-W,Jun.21,Physiotherapie,7053,4418,11471,Wien
2021-06,66.0,ÖGK-W,Jun.21,Logopäde,726,586,1312,Wien
2021-06,75.0,ÖGK-W,Jun.21,Ergotherapeut,1848,323,2171,Wien
2021-06,,ÖGK-W,Jun.21,Gesamt,9627,5327,14954,Wien
2021-07,63.0,ÖGK-W,Jul.21,Physiotherapie,4130,5755,9885,Wien
2021-07,66.0,ÖGK-W,Jul.21,Logopäde,441,711,1152,Wien
2021-07,75.0,ÖGK-W,Jul.21,Ergotherapeut,312,421,733,Wien
2021-07,,ÖGK-W,Jul.21,Gesamt,4883,6887,11770,Wien
2021-08,63.0,ÖGK-W,Aug.21,Physiotherapie,7420,6541,13961,Wien
2021-08,66.0,ÖGK-W,Aug.21,Logopäde,659,922,1581,Wien
2021-08,75.0,ÖGK-W,Aug.21,Ergotherapeut,576,487,1063,Wien
2021-08,,ÖGK-W,Aug.21,Gesamt,8655,7950,16605,Wien
2021-09,63.0,ÖGK-W,Sep.21,Physiotherapie,6777,5964,12741,Wien
2021-09,66.0,ÖGK-W,Sep.21,Logopäde,1713,782,2495,Wien
2021-09,75.0,ÖGK-W,Sep.21,Ergotherapeut,436,485,921,Wien
2021-09,,ÖGK-W,Sep.21,Gesamt,8926,7231,16157,Wien
2021-10,63.0,ÖGK-W,Okt.21,Physiotherapie,5809,7639,13448,Wien
2021-10,66.0,ÖGK-W,Okt.21,Logopäde,615,991,1606,Wien
2021-10,75.0,ÖGK-W,Okt.21,Ergotherapeut,540,557,1097,Wien
2021-10,,ÖGK-W,Okt.21,Gesamt,6964,9187,16151,Wien
2021-11,63.0,ÖGK-W,Nov.21,Physiotherapie,5827,8122,13949,Wien
2021-11,66.0,ÖGK-W,Nov.21,Logopäde,639,837,1476,Wien
2021-11,75.0,ÖGK-W,Nov.21,Ergotherapeut,441,392,833,Wien
2021-11,,ÖGK-W,Nov.21,Gesamt,6907,9351,16258,Wien
2021-12,63.0,ÖGK-W,Dez.21,Physiotherapie,4918,5536,10454,Wien
2021-12,66.0,ÖGK-W,Dez.21,Logopäde,447,713,1160,Wien
2021-12,75.0,ÖGK-W,Dez.21,Ergotherapeut,426,399,825,Wien
2021-12,,ÖGK-W,Dez.21,Gesamt,5791,6648,12439,Wien
2022-01,63.0,ÖGK-W,Jän.22,Physiotherapie,5976,4723,10699,Wien
2022-01,66.0,ÖGK-W,Jän.22,Logopäde,480,553,1033,Wien
2022-01,75.0,ÖGK-W,Jän.22,Ergotherapeut,384,323,707,Wien
2022-01,,ÖGK-W,Jän.22,Gesamt,6840,5599,12439,Wien
2022-02,63.0,ÖGK-W,Feb.22,Physiotherapie,5149,6940,12089,Wien
2022-02,66.0,ÖGK-W,Feb.22,Logopäde,485,907,1392,Wien
2022-02,75.0,ÖGK-W,Feb.22,Ergotherapeut,395,688,1083,Wien
2022-02,,ÖGK-W,Feb.22,Gesamt,6029,8535,14564,Wien
2022-03,63.0,ÖGK-W,Mär.22,Physiotherapie,7431,7246,14677,Wien
2022-03,66.0,ÖGK-W,Mär.22,Logopäde,772,928,1700,Wien
2022-03,75.0,ÖGK-W,Mär.22,Ergotherapeut,591,575,1166,Wien
2022-03,,ÖGK-W,Mär.22,Gesamt,8794,8749,17543,Wien
2022-04,63.0,ÖGK-W,Apr.22,Physiotherapie,7957,5865,13822,Wien
2022-04,66.0,ÖGK-W,Apr.22,Logopäde,485,949,1434,Wien
2022-04,75.0,ÖGK-W,Apr.22,Ergotherapeut,411,486,897,Wien
2022-04,,ÖGK-W,Apr.22,Gesamt,8853,7300,16153,Wien
2022-05,63.0,ÖGK-W,Mai.22,Physiotherapie,5821,8602,14423,Wien
2022-05,66.0,ÖGK-W,Mai.22,Logopäde,580,1141,1721,Wien
2022-05,75.0,ÖGK-W,Mai.22,Ergotherapeut,521,684,1205,Wien
2022-05,,ÖGK-W,Mai.22,Gesamt,6922,10427,17349,Wien
2022-06,63.0,ÖGK-W,Jun.22,Physiotherapie,5793,4924,10717,Wien
2022-06,66.0,ÖGK-W,Jun.22,Logopäde,575,836,1411,Wien
2022-06,75.0,ÖGK-W,Jun.22,Ergotherapeut,424,393,817,Wien
2022-06,,ÖGK-W,Jun.22,Gesamt,6792,6153,12945,Wien
2022-07,63.0,ÖGK-W,Jul.22,Physiotherapie,5789,5268,11057,Wien
2022-07,66.0,ÖGK-W,Jul.22,Logopäde,525,708,1233,Wien
2022-07,75.0,ÖGK-W,Jul.22,Ergotherapeut,413,529,942,Wien
2022-07,,ÖGK-W,Jul.22,Gesamt,6727,6505,13232,Wien
2022-08,63.0,ÖGK-W,Aug.22,Physiotherapie,4523,6045,10568,Wien
2022-08,66.0,ÖGK-W,Aug.22,Logopäde,485,810,1295,Wien
2022-08,75.0,ÖGK-W,Aug.22,Ergotherapeut,417,531,948,Wien
2022-08,,ÖGK-W,Aug.22,Gesamt,5425,7386,12811,Wien
2022-09,63.0,ÖGK-W,Sep.22,Physiotherapie,6327,7287,13614,Wien
2022-09,66.0,ÖGK-W,Sep.22,Logopäde,693,968,1661,Wien
2022-09,75.0,ÖGK-W,Sep.22,Ergotherapeut,496,592,1088,Wien
2022-09,,ÖGK-W,Sep.22,Gesamt,7516,8847,16363,Wien
2022-10,63.0,ÖGK-W,Okt.22,Physiotherapie,6923,7975,14898,Wien
2022-10,66.0,ÖGK-W,Okt.22,Logopäde,439,940,1379,Wien
2022-10,75.0,ÖGK-W,Okt.22,Ergotherapeut,447,577,1024,Wien
2022-10,,ÖGK-W,Okt.22,Gesamt,7809,9492,17301,Wien
2022-11,63.0,ÖGK-W,Nov.22,Physiotherapie,4880,6619,11499,Wien
2022-11,66.0,ÖGK-W,Nov.22,Logopäde,485,717,1202,Wien
2022-11,75.0,ÖGK-W,Nov.22,Ergotherapeut,419,467,886,Wien
2022-11,,ÖGK-W,Nov.22,Gesamt,5784,7803,13587,Wien
2022-12,63.0,ÖGK-W,Dez.22,Physiotherapie,3858,6169,10027,Wien
2022-12,66.0,ÖGK-W,Dez.22,Logopäde,360,858,1218,Wien
2022-12,75.0,ÖGK-W,Dez.22,Ergotherapeut,350,480,830,Wien
2022-12,,ÖGK-W,Dez.22,Gesamt,4568,7507,12075,Wien
2023-01,63.0,ÖGK-W,Jän.23,Physiotherapie,4484,7104,11588,Wien
2023-01,66.0,ÖGK-W,Jän.23,Logopäde,504,855,1359,Wien
2023-01,75.0,ÖGK-W,Jän.23,Ergotherapeut,375,514,889,Wien
2023-01,,ÖGK-W,Jän.23,Gesamt,5363,8473,13836,Wien
2023-02,63.0,ÖGK-W,Feb.23,Physiotherapie,4207,8380,12587,Wien
2023-02,66.0,ÖGK-W,Feb.23,Logopäde,524,941,1465,Wien
2023-02,75.0,ÖGK-W,Feb.23,Ergotherapeut,317,639,956,Wien
2023-02,,ÖGK-W,Feb.23,Gesamt,5048,9960,15008,Wien
2023-03,63.0,ÖGK-W,Mär.23,Physiotherapie,8146,11204,19350,Wien
2023-03,66.0,ÖGK-W,Mär.23,Logopäde,834,1367,2201,Wien
2023-03,75.0,ÖGK-W,Mär.23,Ergotherapeut,580,863,1443,Wien
2023-03,,ÖGK-W,Mär.23,Gesamt,9560,13434,22994,Wien
2023-04,63.0,ÖGK-W,Apr.23,Physiotherapie,4761,7872,12633,Wien
2023-04,66.0,ÖGK-W,Apr.23,Logopäde,521,957,1478,Wien
2023-04,75.0,ÖGK-W,Apr.23,Ergotherapeut,401,638,1039,Wien
2023-04,,ÖGK-W,Apr.23,Gesamt,5683,9467,15150,Wien
2023-05,63.0,ÖGK-W,Mai.23,Physiotherapie,5486,7741,13227,Wien
2023-05,66.0,ÖGK-W,Mai.23,Logopäde,617,885,1502,Wien
2023-05,75.0,ÖGK-W,Mai.23,Ergotherapeut,466,551,1017,Wien
2023-05,,ÖGK-W,Mai.23,Gesamt,6569,9177,15746,Wien
2023-06,63.0,ÖGK-W,Jun.23,Physiotherapie,5723,6760,12483,Wien
2023-06,66.0,ÖGK-W,Jun.23,Logopäde,2277,840,3117,Wien
2023-06,75.0,ÖGK-W,Jun.23,Ergotherapeut,623,616,1239,Wien
2023-06,,ÖGK-W,Jun.23,Gesamt,8623,8216,16839,Wien
2023-07,63.0,ÖGK-W,Jul.23,Physiotherapie,4700,6033,10733,Wien
2023-07,66.0,ÖGK-W,Jul.23,Logopäde,554,753,1307,Wien
2023-07,75.0,ÖGK-W,Jul.23,Ergotherapeut,491,644,1135,Wien
2023-07,,ÖGK-W,Jul.23,Gesamt,5745,7430,13175,Wien
2023-08,63.0,ÖGK-W,Aug.23,Physiotherapie,6835,8375,15210,Wien
2023-08,66.0,ÖGK-W,Aug.23,Logopäde,812,1154,1966,Wien
2023-08,75.0,ÖGK-W,Aug.23,Ergotherapeut,555,944,1499,Wien
2023-08,,ÖGK-W,Aug.23,Gesamt,8202,10473,18675,Wien
2023-09,63.0,ÖGK-W,Sep.23,Physiotherapie,5297,9732,15029,Wien
2023-09,66.0,ÖGK-W,Sep.23,Logopäde,656,1158,1814,Wien
2023-09,75.0,ÖGK-W,Sep.23,Ergotherapeut,449,977,1426,Wien
2023-09,,ÖGK-W,Sep.23,Gesamt,6402,11867,18269,Wien
2023-10,63.0,ÖGK-W,Okt.23,Physiotherapie,4607,10116,14723,Wien
2023-10,66.0,ÖGK-W,Okt.23,Logopäde,432,1101,1533,Wien
2023-10,75.0,ÖGK-W,Okt.23,Ergotherapeut,513,854,1367,Wien
2023-10,,ÖGK-W,Okt.23,Gesamt,5552,12071,17623,Wien
2023-11,63.0,ÖGK-W,Nov.23,Physiotherapie,5935,7913,13848,Wien
2023-11,66.0,ÖGK-W,Nov.23,Logopäde,583,3209,3792,Wien
2023-11,75.0,ÖGK-W,Nov.23,Ergotherapeut,637,660,1297,Wien
2023-11,,ÖGK-W,Nov.23,Gesamt,7155,11782,18937,Wien
2023-12,63.0,ÖGK-W,Dez.23,Physiotherapie,6116,6519,12635,Wien
2023-12,66.0,ÖGK-W,Dez.23,Logopäde,457,667,1124,Wien
2023-12,75.0,ÖGK-W,Dez.23,Ergotherapeut,390,519,909,Wien
2023-12,,ÖGK-W,Dez.23,Gesamt,6963,7705,14668,Wien
